Chirurgie maxillo-faciale,AP-HP,4,0,648,910
Chirurgie orale,AP-HP,3,0,1860,2420
Chirurgie orthopédique et traumatologique,AP-HP,20,0,428,2114
Chirurgie pédiatrique,AP-HP,9,0,387,3255
"Chirurgie plastique, reconstructrice et esthétique",AP-HP,7,0,39,462
Chirurgie thoracique et cardiovasculaire,AP-HP,3,0,255,3523
Chirurgie vasculaire,AP-HP,3,0,382,3809
Chirurgie viscérale et digestive,AP-HP,12,0,319,3692
Gynécologie obstétrique,AP-HP,50,0,173,3329
Neurochirurgie,AP-HP,4,0,405,2720
Ophtalmologie,AP-HP,29,0,5,402
Oto-rhino-laryngologie - chirurgie cervico-faciale,AP-HP,17,0,84,1576
Urologie,AP-HP,9,0,603,2057
Allergologie,AP-HP,5,0,4096,5358
Anatomie et cytologie pathologiques,AP-HP,15,0,634,4503
Anesthésie-réanimation,AP-HP,92,0,9,2830
Dermatologie et vénéréologie,AP-HP,16,0,62,909
Endocrinologie-diabétologie-nutrition,AP-HP,13,0,2471,4191
Génétique médicale,AP-HP,5,0,344,6516
Gériatrie,AP-HP,44,0,3203,9617
Gynécologie médicale,AP-HP,20,0,34,3883
Hématologie,AP-HP,8,0,379,4879
Hépato-gastro-entérologie,AP-HP,21,0,36,2063
Maladies infectieuses et tropicales,AP-HP,10,0,116,3694
Médecine cardiovasculaire,AP-HP,36,0,7,1317
Médecine générale,AP-HP,539,0,98,8707
Médecine intensive-réanimation,AP-HP,17,0,30,3649
Médecine interne et immunologie clinique,AP-HP,32,0,79,5681
Médecine légale et expertises médicales,AP-HP,5,0,5847,6845
Médecine nucléaire,AP-HP,5,0,809,2502
Médecine physique et de réadaptation,AP-HP,15,0,3672,6487
Médecine et santé au travail,AP-HP,21,0,7508,9555
Médecine d’urgence,AP-HP,89,0,2508,7599
Médecine vasculaire,AP-HP,8,0,3426,4099
Néphrologie,AP-HP,12,0,81,1327
Neurologie,AP-HP,20,0,115,3032
Oncologie,AP-HP,22,0,58,1958
Pédiatrie,AP-HP,93,0,280,5612
Pneumologie,AP-HP,19,0,412,3611
Psychiatrie,AP-HP,111,0,187,9213
Radiologie et imagerie médicale,AP-HP,46,0,104,2493
Rhumatologie,AP-HP,14,0,312,3232
Santé publique,AP-HP,15,0,675,8672
Biologie médicale,AP-HP,18,0,4733,8515
Chirurgie maxillo-faciale,STRASBOURG,1,0,1970,1970
Chirurgie orale,STRASBOURG,1,0,3582,3582
Chirurgie orthopédique et traumatologique,STRASBOURG,4,0,2837,3402
Chirurgie pédiatrique,STRASBOURG,1,0,4276,4276
"Chirurgie plastique, reconstructrice et esthétique",STRASBOURG,1,0,628,628
Chirurgie thoracique et cardiovasculaire,STRASBOURG,1,0,4307,4307
Chirurgie vasculaire,STRASBOURG,1,0,4124,4124
Chirurgie viscérale et digestive,STRASBOURG,3,0,806,4370
Gynécologie obstétrique,STRASBOURG,9,0,2016,3110
Neurochirurgie,STRASBOURG,1,0,4189,4189
Ophtalmologie,STRASBOURG,5,0,780,987
Oto-rhino-laryngologie - chirurgie cervico-faciale,STRASBOURG,3,0,483,941
Urologie,STRASBOURG,2,0,2688,2839
Allergologie,STRASBOURG,1,0,7011,7011
Anatomie et cytologie pathologiques,STRASBOURG,1,0,229,229
Anesthésie-réanimation,STRASBOURG,17,0,522,2485
Dermatologie et vénéréologie,STRASBOURG,4,0,250,869
Endocrinologie-diabétologie-nutrition,STRASBOURG,3,0,1243,4184
Génétique médicale,STRASBOURG,0,NA,NA,NA
Gériatrie,STRASBOURG,5,0,3604,8214
Gynécologie médicale,STRASBOURG,2,0,3807,3880
Hématologie,STRASBOURG,1,0,3130,3130
Hépato-gastro-entérologie,STRASBOURG,4,0,2769,3553
Maladies infectieuses et tropicales,STRASBOURG,1,0,826,826
Médecine cardiovasculaire,STRASBOURG,5,0,415,2000
Médecine générale,STRASBOURG,119,0,1373,7981
Médecine intensive-réanimation,STRASBOURG,4,0,2245,4319
Médecine interne et immunologie clinique,STRASBOURG,5,0,725,4878
Médecine légale et expertises médicales,STRASBOURG,1,0,3104,3104
Médecine nucléaire,STRASBOURG,1,0,2329,2329
Médecine physique et de réadaptation,STRASBOURG,3,0,4713,5100
Médecine et santé au travail,STRASBOURG,4,0,5235,8030
Médecine d’urgence,STRASBOURG,13,0,1164,6319
Médecine vasculaire,STRASBOURG,2,0,4405,4493
Néphrologie,STRASBOURG,3,0,862,2145
Neurologie,STRASBOURG,4,0,2287,2723
Oncologie,STRASBOURG,5,0,1220,3073
Pédiatrie,STRASBOURG,11,0,1932,5197
Pneumologie,STRASBOURG,5,0,1304,3944
Psychiatrie,STRASBOURG,17,0,3870,8345
Radiologie et imagerie médicale,STRASBOURG,9,0,475,2249
Rhumatologie,STRASBOURG,3,0,598,2733
Santé publique,STRASBOURG,2,0,8284,9066
Biologie médicale,STRASBOURG,4,0,3605,8841
Chirurgie maxillo-faciale,NANCY,1,0,2206,2206
Chirurgie orale,NANCY,1,0,3772,3772
Chirurgie orthopédique et traumatologique,NANCY,6,0,973,2944
Chirurgie pédiatrique,NANCY,1,0,3941,3941
"Chirurgie plastique, reconstructrice et esthétique",NANCY,1,0,1098,1098
Chirurgie thoracique et cardiovasculaire,NANCY,1,0,4568,4568
Chirurgie vasculaire,NANCY,1,0,3644,3644
Chirurgie viscérale et digestive,NANCY,3,0,2099,4909
Gynécologie obstétrique,NANCY,7,0,2540,4438
Neurochirurgie,NANCY,1,0,3002,3002
Ophtalmologie,NANCY,6,0,612,1663
Oto-rhino-laryngologie - chirurgie cervico-faciale,NANCY,4,0,1809,2914
Urologie,NANCY,3,0,3261,3737
Allergologie,NANCY,1,0,6493,6493
Anatomie et cytologie pathologiques,NANCY,3,0,3972,5058
Anesthésie-réanimation,NANCY,16,0,500,3349
Dermatologie et vénéréologie,NANCY,4,0,942,1589
Endocrinologie-diabétologie-nutrition,NANCY,6,0,4608,5872
Génétique médicale,NANCY,1,0,7285,7285
Gériatrie,NANCY,5,0,7226,9496
Gynécologie médicale,NANCY,4,0,3339,4581
Hématologie,NANCY,2,0,339,5155
Hépato-gastro-entérologie,NANCY,6,0,3529,4217
Maladies infectieuses et tropicales,NANCY,2,0,2153,4742
Médecine cardiovasculaire,NANCY,7,0,516,2092
Médecine générale,NANCY,135,0,88,9405
Médecine intensive-réanimation,NANCY,4,0,4016,4680
Médecine interne et immunologie clinique,NANCY,5,0,5099,6507
Médecine légale et expertises médicales,NANCY,1,0,3693,3693
Médecine nucléaire,NANCY,2,0,3413,3418
Médecine physique et de réadaptation,NANCY,5,0,4485,6273
Médecine et santé au travail,NANCY,6,3,9224,9615
Médecine d’urgence,NANCY,13,0,3753,7709
Médecine vasculaire,NANCY,2,0,2971,3366
Néphrologie,NANCY,4,0,12,3306
Neurologie,NANCY,6,0,284,2784
Oncologie,NANCY,5,0,1844,4092
Pédiatrie,NANCY,14,0,3969,5968
Pneumologie,NANCY,7,0,1784,4641
Psychiatrie,NANCY,20,2,2660,9720
Radiologie et imagerie médicale,NANCY,13,0,1415,3345
Rhumatologie,NANCY,3,0,2932,3669
Santé publique,NANCY,4,3,9399,9399
Biologie médicale,NANCY,3,0,3857,6922
Chirurgie maxillo-faciale,BESANCON,1,0,772,772
Chirurgie orale,BESANCON,1,0,3597,3597
Chirurgie orthopédique et traumatologique,BESANCON,4,0,2620,3373
Chirurgie pédiatrique,BESANCON,1,0,3835,3835
"Chirurgie plastique, reconstructrice et esthétique",BESANCON,1,0,1172,1172
Chirurgie thoracique et cardiovasculaire,BESANCON,0,NA,NA,NA
Chirurgie vasculaire,BESANCON,1,0,4149,4149
Chirurgie viscérale et digestive,BESANCON,2,0,3043,4817
Gynécologie obstétrique,BESANCON,6,0,1564,4434
Neurochirurgie,BESANCON,1,0,4170,4170
Ophtalmologie,BESANCON,3,0,1794,1861
Oto-rhino-laryngologie - chirurgie cervico-faciale,BESANCON,2,0,2959,3087
Urologie,BESANCON,2,0,2654,3780
Allergologie,BESANCON,1,0,7196,7196
Anatomie et cytologie pathologiques,BESANCON,2,0,3654,4927
Anesthésie-réanimation,BESANCON,13,0,1141,3514
Dermatologie et vénéréologie,BESANCON,2,0,453,763
Endocrinologie-diabétologie-nutrition,BESANCON,2,0,5860,5940
Génétique médicale,BESANCON,0,NA,NA,NA
Gériatrie,BESANCON,5,1,6231,8231
Gynécologie médicale,BESANCON,1,0,2032,2032
Hématologie,BESANCON,2,0,5507,5808
Hépato-gastro-entérologie,BESANCON,5,0,3799,4116
Maladies infectieuses et tropicales,BESANCON,1,0,3241,3241
Médecine cardiovasculaire,BESANCON,5,0,1945,2895
Médecine générale,BESANCON,82,0,1636,8842
Médecine intensive-réanimation,BESANCON,3,0,4221,4511
Médecine interne et immunologie clinique,BESANCON,3,0,6720,6870
Médecine légale et expertises médicales,BESANCON,0,NA,NA,NA
Médecine nucléaire,BESANCON,1,0,1694,1694
Médecine physique et de réadaptation,BESANCON,2,0,5904,7463
Médecine et santé au travail,BESANCON,2,0,8607,9035
Médecine d’urgence,BESANCON,12,0,4942,8007
Médecine vasculaire,BESANCON,1,0,4500,4500
Néphrologie,BESANCON,2,0,106,4153
Neurologie,BESANCON,5,0,3755,4585
Oncologie,BESANCON,4,0,3621,4072
Pédiatrie,BESANCON,8,0,2760,6271
Pneumologie,BESANCON,4,0,4356,4557
Psychiatrie,BESANCON,15,6,4409,9542
Radiologie et imagerie médicale,BESANCON,6,0,2610,3407
Rhumatologie,BESANCON,2,0,2368,2543
Santé publique,BESANCON,2,2,0,0
Biologie médicale,BESANCON,3,2,8452,8452
Chirurgie maxillo-faciale,DIJON,1,0,1586,1586
Chirurgie orale,DIJON,1,0,3163,3163
Chirurgie orthopédique et traumatologique,DIJON,3,0,2474,2960
Chirurgie pédiatrique,DIJON,0,NA,NA,NA
"Chirurgie plastique, reconstructrice et esthétique",DIJON,1,0,456,456
Chirurgie thoracique et cardiovasculaire,DIJON,1,0,1511,1511
Chirurgie vasculaire,DIJON,1,0,4190,4190
Chirurgie viscérale et digestive,DIJON,3,0,4045,4649
Gynécologie obstétrique,DIJON,7,0,3041,3862
Neurochirurgie,DIJON,1,0,3588,3588
Ophtalmologie,DIJON,4,0,42,1501
Oto-rhino-laryngologie - chirurgie cervico-faciale,DIJON,2,0,1988,2933
Urologie,DIJON,2,0,2590,3641
Allergologie,DIJON,1,0,5726,5726
Anatomie et cytologie pathologiques,DIJON,3,0,3458,4656
Anesthésie-réanimation,DIJON,15,0,1350,2689
Dermatologie et vénéréologie,DIJON,4,0,473,1565
Endocrinologie-diabétologie-nutrition,DIJON,4,0,4768,5619
Génétique médicale,DIJON,2,0,1472,5802
Gériatrie,DIJON,7,2,4441,9626
Gynécologie médicale,DIJON,1,0,1883,1883
Hématologie,DIJON,2,0,5440,5540
Hépato-gastro-entérologie,DIJON,6,0,390,3267
Maladies infectieuses et tropicales,DIJON,2,0,2385,3254
Médecine cardiovasculaire,DIJON,5,0,683,2407
Médecine générale,DIJON,93,0,264,9486
Médecine intensive-réanimation,DIJON,4,0,3444,4872
Médecine interne et immunologie clinique,DIJON,4,0,3280,6210
Médecine légale et expertises médicales,DIJON,1,0,4377,4377
Médecine nucléaire,DIJON,2,0,1288,2772
Médecine physique et de réadaptation,DIJON,3,0,5632,6192
Médecine et santé au travail,DIJON,1,1,0,0
Médecine d’urgence,DIJON,16,0,6469,8004
Médecine vasculaire,DIJON,1,0,4419,4419
Néphrologie,DIJON,2,0,3580,3767
Neurologie,DIJON,5,0,607,3300
Oncologie,DIJON,4,0,746,2876
Pédiatrie,DIJON,9,0,4195,5914
Pneumologie,DIJON,4,0,3595,4083
Psychiatrie,DIJON,17,9,5675,9561
Radiologie et imagerie médicale,DIJON,7,0,2238,2648
Rhumatologie,DIJON,3,0,2205,4623
Santé publique,DIJON,3,1,9548,9598
Biologie médicale,DIJON,4,0,5476,9322
Chirurgie maxillo-faciale,REIMS,0,NA,NA,NA
Chirurgie orale,REIMS,0,NA,NA,NA
Chirurgie orthopédique et traumatologique,REIMS,3,0,3295,3446
Chirurgie pédiatrique,REIMS,1,0,4110,4110
"Chirurgie plastique, reconstructrice et esthétique",REIMS,1,0,1524,1524
Chirurgie thoracique et cardiovasculaire,REIMS,0,NA,NA,NA
Chirurgie vasculaire,REIMS,1,0,3950,3950
Chirurgie viscérale et digestive,REIMS,3,0,4038,4865
Gynécologie obstétrique,REIMS,6,0,3750,4268
Neurochirurgie,REIMS,1,0,4280,4280
Ophtalmologie,REIMS,4,0,590,1346
Oto-rhino-laryngologie - chirurgie cervico-faciale,REIMS,2,0,2789,3090
Urologie,REIMS,2,0,1393,3526
Allergologie,REIMS,1,0,5103,5103
Anatomie et cytologie pathologiques,REIMS,3,0,2059,4971
Anesthésie-réanimation,REIMS,14,0,1110,3290
Dermatologie et vénéréologie,REIMS,0,NA,NA,NA
Endocrinologie-diabétologie-nutrition,REIMS,4,0,4919,5389
Génétique médicale,REIMS,0,NA,NA,NA
Gériatrie,REIMS,5,2,7230,8654
Gynécologie médicale,REIMS,2,0,2317,3468
Hématologie,REIMS,2,0,5446,5813
Hépato-gastro-entérologie,REIMS,3,0,305,2276
Maladies infectieuses et tropicales,REIMS,2,0,59,1331
Médecine cardiovasculaire,REIMS,5,0,1147,2519
Médecine générale,REIMS,76,0,1675,9373
Médecine intensive-réanimation,REIMS,4,0,3914,4782
Médecine interne et immunologie clinique,REIMS,4,0,6281,6649
Médecine légale et expertises médicales,REIMS,1,0,6092,6092
Médecine nucléaire,REIMS,1,0,3336,3336
Médecine physique et de réadaptation,REIMS,4,0,5973,7009
Médecine et santé au travail,REIMS,2,0,9062,9409
Médecine d’urgence,REIMS,12,0,5772,7998
Médecine vasculaire,REIMS,0,NA,NA,NA
Néphrologie,REIMS,4,0,2843,3961
Neurologie,REIMS,5,0,3421,4162
Oncologie,REIMS,4,0,434,3480
Pédiatrie,REIMS,12,0,5287,6233
Pneumologie,REIMS,5,0,4192,4596
Psychiatrie,REIMS,11,2,8542,9662
Radiologie et imagerie médicale,REIMS,8,0,2078,3003
Rhumatologie,REIMS,3,0,2066,4259
Santé publique,REIMS,2,2,0,0
Biologie médicale,REIMS,3,0,5161,8656
Chirurgie maxillo-faciale,CAEN,1,0,1707,1707
Chirurgie orale,CAEN,1,0,3106,3106
Chirurgie orthopédique et traumatologique,CAEN,4,0,1267,3475
Chirurgie pédiatrique,CAEN,1,0,3485,3485
"Chirurgie plastique, reconstructrice et esthétique",CAEN,0,NA,NA,NA
Chirurgie thoracique et cardiovasculaire,CAEN,0,NA,NA,NA
Chirurgie vasculaire,CAEN,1,0,3384,3384
Chirurgie viscérale et digestive,CAEN,3,0,4719,4880
Gynécologie obstétrique,CAEN,6,0,2690,3952
Neurochirurgie,CAEN,0,NA,NA,NA
Ophtalmologie,CAEN,3,0,299,673
Oto-rhino-laryngologie - chirurgie cervico-faciale,CAEN,3,0,1652,2327
Urologie,CAEN,2,0,1725,3803
Allergologie,CAEN,1,0,6072,6072
Anatomie et cytologie pathologiques,CAEN,2,0,3808,4351
Anesthésie-réanimation,CAEN,16,0,1213,3231
Dermatologie et vénéréologie,CAEN,3,0,1284,1609
Endocrinologie-diabétologie-nutrition,CAEN,3,0,2598,5810
Génétique médicale,CAEN,1,0,6274,6274
Gériatrie,CAEN,5,3,8917,9492
Gynécologie médicale,CAEN,2,0,3271,3834
Hématologie,CAEN,1,0,2965,2965
Hépato-gastro-entérologie,CAEN,5,0,2515,4028
Maladies infectieuses et tropicales,CAEN,1,0,4019,4019
Médecine cardiovasculaire,CAEN,7,0,317,2212
Médecine générale,CAEN,101,0,770,9326
Médecine intensive-réanimation,CAEN,2,0,4651,4716
Médecine interne et immunologie clinique,CAEN,4,0,4746,6062
Médecine légale et expertises médicales,CAEN,1,0,6871,6871
Médecine nucléaire,CAEN,1,0,3313,3313
Médecine physique et de réadaptation,CAEN,4,0,6402,7439
Médecine et santé au travail,CAEN,3,3,0,0
Médecine d’urgence,CAEN,11,0,2921,6330
Médecine vasculaire,CAEN,1,0,894,894
Néphrologie,CAEN,2,0,982,4115
Neurologie,CAEN,5,0,3974,4165
Oncologie,CAEN,5,0,991,3656
Pédiatrie,CAEN,11,0,952,5756
Pneumologie,CAEN,5,0,2987,4325
Psychiatrie,CAEN,15,5,3815,9588
Radiologie et imagerie médicale,CAEN,8,0,1578,2808
Rhumatologie,CAEN,3,0,3332,4542
Santé publique,CAEN,2,2,0,0
Biologie médicale,CAEN,2,0,6858,9654
Chirurgie maxillo-faciale,ROUEN,1,0,2091,2091
Chirurgie orale,ROUEN,0,NA,NA,NA
Chirurgie orthopédique et traumatologique,ROUEN,5,0,2411,2823
Chirurgie pédiatrique,ROUEN,1,0,3066,3066
"Chirurgie plastique, reconstructrice et esthétique",ROUEN,1,0,686,686
Chirurgie thoracique et cardiovasculaire,ROUEN,1,0,3460,3460
Chirurgie vasculaire,ROUEN,1,0,4274,4274
Chirurgie viscérale et digestive,ROUEN,2,0,3454,4017
Gynécologie obstétrique,ROUEN,7,0,2336,3938
Neurochirurgie,ROUEN,1,0,4284,4284
Ophtalmologie,ROUEN,4,0,843,1462
Oto-rhino-laryngologie - chirurgie cervico-faciale,ROUEN,3,0,932,2225
Urologie,ROUEN,2,0,2243,3057
Allergologie,ROUEN,1,0,4292,4292
Anatomie et cytologie pathologiques,ROUEN,2,0,1573,4664
Anesthésie-réanimation,ROUEN,17,0,144,2982
Dermatologie et vénéréologie,ROUEN,4,0,426,1421
Endocrinologie-diabétologie-nutrition,ROUEN,4,0,1280,5641
Génétique médicale,ROUEN,1,0,8103,8103
Gériatrie,ROUEN,6,4,2671,9143
Gynécologie médicale,ROUEN,3,0,2359,3982
Hématologie,ROUEN,2,0,3184,4845
Hépato-gastro-entérologie,ROUEN,6,0,2794,3673
Maladies infectieuses et tropicales,ROUEN,2,0,3160,4570
Médecine cardiovasculaire,ROUEN,7,0,1431,2855
Médecine générale,ROUEN,119,0,1015,9315
Médecine intensive-réanimation,ROUEN,3,0,3903,4237
Médecine interne et immunologie clinique,ROUEN,4,0,3541,5943
Médecine légale et expertises médicales,ROUEN,0,NA,NA,NA
Médecine nucléaire,ROUEN,1,0,1751,1751
Médecine physique et de réadaptation,ROUEN,5,0,5832,6640
Médecine et santé au travail,ROUEN,5,2,6338,9301
Médecine d’urgence,ROUEN,12,0,3518,6974
Médecine vasculaire,ROUEN,2,0,4446,4460
Néphrologie,ROUEN,3,0,1300,2708
Neurologie,ROUEN,5,0,3197,3736
Oncologie,ROUEN,4,0,403,3081
Pédiatrie,ROUEN,11,0,3281,5816
Pneumologie,ROUEN,6,0,2847,4257
Psychiatrie,ROUEN,17,9,5614,9649
Radiologie et imagerie médicale,ROUEN,9,0,855,3049
Rhumatologie,ROUEN,3,0,2378,3860
Santé publique,ROUEN,4,3,8912,8912
Biologie médicale,ROUEN,4,0,5301,8320
Chirurgie maxillo-faciale,LILLE,2,0,478,759
Chirurgie orale,LILLE,1,0,2524,2524
Chirurgie orthopédique et traumatologique,LILLE,9,0,560,2105
Chirurgie pédiatrique,LILLE,2,0,2465,4025
"Chirurgie plastique, reconstructrice et esthétique",LILLE,2,0,133,338
Chirurgie thoracique et cardiovasculaire,LILLE,2,0,3050,3898
Chirurgie vasculaire,LILLE,2,0,1887,3817
Chirurgie viscérale et digestive,LILLE,7,0,1529,3912
Gynécologie obstétrique,LILLE,15,0,253,2947
Neurochirurgie,LILLE,1,0,4012,4012
Ophtalmologie,LILLE,10,0,22,1310
Oto-rhino-laryngologie - chirurgie cervico-faciale,LILLE,6,0,290,1453
Urologie,LILLE,4,0,182,1878
Allergologie,LILLE,1,0,5951,5951
Anatomie et cytologie pathologiques,LILLE,3,0,1717,2920
Anesthésie-réanimation,LILLE,31,0,123,1957
Dermatologie et vénéréologie,LILLE,7,0,142,1190
Endocrinologie-diabétologie-nutrition,LILLE,7,0,3063,5007
Génétique médicale,LILLE,1,0,5737,5737
Gériatrie,LILLE,15,0,6288,10500
Gynécologie médicale,LILLE,7,0,1149,3190
Hématologie,LILLE,4,0,4129,4922
Hépato-gastro-entérologie,LILLE,8,0,57,2010
Maladies infectieuses et tropicales,LILLE,3,0,1548,2018
Médecine cardiovasculaire,LILLE,12,0,207,1858
Médecine générale,LILLE,213,0,381,8122
Médecine intensive-réanimation,LILLE,7,0,1178,4002
Médecine interne et immunologie clinique,LILLE,6,0,901,5855
Médecine légale et expertises médicales,LILLE,1,0,4709,4709
Médecine nucléaire,LILLE,2,0,576,857
Médecine physique et de réadaptation,LILLE,8,0,3702,5600
Médecine et santé au travail,LILLE,7,0,7472,9575
Médecine d’urgence,LILLE,24,0,3875,6745
Médecine vasculaire,LILLE,2,0,3448,4098
Néphrologie,LILLE,4,0,197,2879
Neurologie,LILLE,7,0,318,2128
Oncologie,LILLE,8,0,105,3042
Pédiatrie,LILLE,20,0,1692,5658
Pneumologie,LILLE,8,0,195,3717
Psychiatrie,LILLE,40,0,2280,9323
Radiologie et imagerie médicale,LILLE,20,0,102,2523
Rhumatologie,LILLE,5,0,296,2424
Santé publique,LILLE,5,0,6090,9705
Biologie médicale,LILLE,7,0,3724,9722
Chirurgie maxillo-faciale,AMIENS,1,0,1686,1686
Chirurgie orale,AMIENS,0,NA,NA,NA
Chirurgie orthopédique et traumatologique,AMIENS,3,0,2916,3400
Chirurgie pédiatrique,AMIENS,0,NA,NA,NA
"Chirurgie plastique, reconstructrice et esthétique",AMIENS,1,0,762,762
Chirurgie thoracique et cardiovasculaire,AMIENS,0,NA,NA,NA
Chirurgie vasculaire,AMIENS,1,0,3876,3876
Chirurgie viscérale et digestive,AMIENS,3,0,4143,4484
Gynécologie obstétrique,AMIENS,6,0,3739,4565
Neurochirurgie,AMIENS,0,NA,NA,NA
Ophtalmologie,AMIENS,3,0,1055,1495
Oto-rhino-laryngologie - chirurgie cervico-faciale,AMIENS,2,0,2300,2739
Urologie,AMIENS,2,0,3525,3821
Allergologie,AMIENS,1,0,6577,6577
Anatomie et cytologie pathologiques,AMIENS,3,0,3207,4966
Anesthésie-réanimation,AMIENS,13,0,1478,3478
Dermatologie et vénéréologie,AMIENS,2,0,1316,1559
Endocrinologie-diabétologie-nutrition,AMIENS,3,0,1683,5935
Génétique médicale,AMIENS,1,0,9515,9515
Gériatrie,AMIENS,5,2,9077,9726
Gynécologie médicale,AMIENS,2,0,3017,4085
Hématologie,AMIENS,2,0,4811,5138
Hépato-gastro-entérologie,AMIENS,6,0,3035,4043
Maladies infectieuses et tropicales,AMIENS,2,0,3536,4834
Médecine cardiovasculaire,AMIENS,7,0,1255,3107
Médecine générale,AMIENS,98,0,1154,9290
Médecine intensive-réanimation,AMIENS,5,0,3752,4797
Médecine interne et immunologie clinique,AMIENS,3,0,6200,6470
Médecine légale et expertises médicales,AMIENS,1,0,6972,6972
Médecine nucléaire,AMIENS,1,0,460,460
Médecine physique et de réadaptation,AMIENS,3,0,4657,7227
Médecine et santé au travail,AMIENS,3,2,9500,9500
Médecine d’urgence,AMIENS,14,0,3539,8005
Médecine vasculaire,AMIENS,2,0,4196,4306
Néphrologie,AMIENS,3,0,1927,3505
Neurologie,AMIENS,5,0,2386,4236
Oncologie,AMIENS,4,0,3144,3866
Pédiatrie,AMIENS,12,0,212,5985
Pneumologie,AMIENS,4,0,3390,3943
Psychiatrie,AMIENS,12,0,5291,9701
Radiologie et imagerie médicale,AMIENS,10,0,1889,3342
Rhumatologie,AMIENS,3,0,4312,4483
Santé publique,AMIENS,2,2,0,0
Biologie médicale,AMIENS,2,0,3375,10500
Chirurgie maxillo-faciale,CLERMONT-FERRAND,1,0,1248,1248
Chirurgie orale,CLERMONT-FERRAND,1,0,2342,2342
Chirurgie orthopédique et traumatologique,CLERMONT-FERRAND,3,0,2675,3415
Chirurgie pédiatrique,CLERMONT-FERRAND,1,0,4056,4056
"Chirurgie plastique, reconstructrice et esthétique",CLERMONT-FERRAND,0,NA,NA,NA
Chirurgie thoracique et cardiovasculaire,CLERMONT-FERRAND,1,0,4918,4918
Chirurgie vasculaire,CLERMONT-FERRAND,1,0,3159,3159
Chirurgie viscérale et digestive,CLERMONT-FERRAND,2,0,4690,4794
Gynécologie obstétrique,CLERMONT-FERRAND,6,0,285,4156
Neurochirurgie,CLERMONT-FERRAND,1,0,4760,4760
Ophtalmologie,CLERMONT-FERRAND,5,0,722,1519
Oto-rhino-laryngologie - chirurgie cervico-faciale,CLERMONT-FERRAND,2,0,1276,1863
Urologie,CLERMONT-FERRAND,2,0,2097,2135
Allergologie,CLERMONT-FERRAND,1,0,7147,7147
Anatomie et cytologie pathologiques,CLERMONT-FERRAND,2,0,4497,4604
Anesthésie-réanimation,CLERMONT-FERRAND,14,0,817,2520
Dermatologie et vénéréologie,CLERMONT-FERRAND,4,0,25,1072
Endocrinologie-diabétologie-nutrition,CLERMONT-FERRAND,3,0,5453,6006
Génétique médicale,CLERMONT-FERRAND,1,0,7201,7201
Gériatrie,CLERMONT-FERRAND,3,0,8248,8710
Gynécologie médicale,CLERMONT-FERRAND,3,0,3889,4469
Hématologie,CLERMONT-FERRAND,2,0,4039,4530
Hépato-gastro-entérologie,CLERMONT-FERRAND,4,0,2346,3957
Maladies infectieuses et tropicales,CLERMONT-FERRAND,1,0,1401,1401
Médecine cardiovasculaire,CLERMONT-FERRAND,7,0,223,2240
Médecine générale,CLERMONT-FERRAND,85,0,836,9471
Médecine intensive-réanimation,CLERMONT-FERRAND,3,0,4414,4905
Médecine interne et immunologie clinique,CLERMONT-FERRAND,5,0,2634,6639
Médecine légale et expertises médicales,CLERMONT-FERRAND,0,NA,NA,NA
Médecine nucléaire,CLERMONT-FERRAND,1,0,3350,3350
Médecine physique et de réadaptation,CLERMONT-FERRAND,3,0,4556,5534
Médecine et santé au travail,CLERMONT-FERRAND,4,2,9435,9587
Médecine d’urgence,CLERMONT-FERRAND,12,0,4978,7045
Médecine vasculaire,CLERMONT-FERRAND,1,0,3365,3365
Néphrologie,CLERMONT-FERRAND,2,0,3556,3776
Neurologie,CLERMONT-FERRAND,4,0,2053,3731
Oncologie,CLERMONT-FERRAND,4,0,1655,3038
Pédiatrie,CLERMONT-FERRAND,9,0,2315,5180
Pneumologie,CLERMONT-FERRAND,4,0,944,4282
Psychiatrie,CLERMONT-FERRAND,15,4,6029,9725
Radiologie et imagerie médicale,CLERMONT-FERRAND,10,0,316,3068
Rhumatologie,CLERMONT-FERRAND,3,0,2484,4648
Santé publique,CLERMONT-FERRAND,1,0,5164,5164
Biologie médicale,CLERMONT-FERRAND,3,2,8442,8442
Chirurgie maxillo-faciale,GRENOBLE,1,0,210,210
Chirurgie orale,GRENOBLE,0,NA,NA,NA
Chirurgie orthopédique et traumatologique,GRENOBLE,4,0,303,2394
Chirurgie pédiatrique,GRENOBLE,1,0,2908,2908
"Chirurgie plastique, reconstructrice et esthétique",GRENOBLE,1,0,468,468
Chirurgie thoracique et cardiovasculaire,GRENOBLE,1,0,3555,3555
Chirurgie vasculaire,GRENOBLE,1,0,3981,3981
Chirurgie viscérale et digestive,GRENOBLE,2,0,4027,4410
Gynécologie obstétrique,GRENOBLE,6,0,2991,4022
Neurochirurgie,GRENOBLE,1,0,3782,3782
Ophtalmologie,GRENOBLE,4,0,378,719
Oto-rhino-laryngologie - chirurgie cervico-faciale,GRENOBLE,3,0,1567,2107
Urologie,GRENOBLE,2,0,1165,1849
Allergologie,GRENOBLE,1,0,6112,6112
Anatomie et cytologie pathologiques,GRENOBLE,2,0,2383,4288
Anesthésie-réanimation,GRENOBLE,12,0,134,1066
Dermatologie et vénéréologie,GRENOBLE,3,0,506,1446
Endocrinologie-diabétologie-nutrition,GRENOBLE,3,0,4962,5819
Génétique médicale,GRENOBLE,0,NA,NA,NA
Gériatrie,GRENOBLE,6,3,5313,8405
Gynécologie médicale,GRENOBLE,2,0,1017,1122
Hématologie,GRENOBLE,1,0,1341,1341
Hépato-gastro-entérologie,GRENOBLE,5,0,1342,2915
Maladies infectieuses et tropicales,GRENOBLE,1,0,2073,2073
Médecine cardiovasculaire,GRENOBLE,5,0,331,1257
Médecine générale,GRENOBLE,108,0,304,7991
Médecine intensive-réanimation,GRENOBLE,2,0,2408,4139
Médecine interne et immunologie clinique,GRENOBLE,3,0,4490,5660
Médecine légale et expertises médicales,GRENOBLE,1,0,6503,6503
Médecine nucléaire,GRENOBLE,1,0,3272,3272
Médecine physique et de réadaptation,GRENOBLE,3,0,3220,4958
Médecine et santé au travail,GRENOBLE,4,1,9455,9663
Médecine d’urgence,GRENOBLE,13,0,485,3249
Médecine vasculaire,GRENOBLE,2,0,3865,4360
Néphrologie,GRENOBLE,2,0,8,1806
Neurologie,GRENOBLE,3,0,388,1955
Oncologie,GRENOBLE,3,0,1891,2901
Pédiatrie,GRENOBLE,9,0,196,4958
Pneumologie,GRENOBLE,4,0,1434,3482
Psychiatrie,GRENOBLE,14,1,1146,10400
Radiologie et imagerie médicale,GRENOBLE,5,0,232,1490
Rhumatologie,GRENOBLE,2,0,1892,2172
Santé publique,GRENOBLE,2,1,9454,9454
Biologie médicale,GRENOBLE,3,3,0,0
Chirurgie maxillo-faciale,HCL,1,0,73,73
Chirurgie orale,HCL,1,0,1918,1918
Chirurgie orthopédique et traumatologique,HCL,6,0,371,1361
Chirurgie pédiatrique,HCL,1,0,1591,1591
"Chirurgie plastique, reconstructrice et esthétique",HCL,2,0,110,111
Chirurgie thoracique et cardiovasculaire,HCL,2,0,4046,4130
Chirurgie vasculaire,HCL,2,0,1753,2622
Chirurgie viscérale et digestive,HCL,4,0,599,2909
Gynécologie obstétrique,HCL,13,0,129,2461
Neurochirurgie,HCL,1,0,1584,1584
Ophtalmologie,HCL,10,0,17,660
Oto-rhino-laryngologie - chirurgie cervico-faciale,HCL,4,0,130,416
Urologie,HCL,3,0,1050,1728
Allergologie,HCL,3,0,2406,5695
Anatomie et cytologie pathologiques,HCL,3,0,663,1241
Anesthésie-réanimation,HCL,23,0,4,1303
Dermatologie et vénéréologie,HCL,5,0,23,411
Endocrinologie-diabétologie-nutrition,HCL,4,0,2104,4251
Génétique médicale,HCL,1,0,1398,1398
Gériatrie,HCL,10,0,2900,9622
Gynécologie médicale,HCL,3,0,203,2875
Hématologie,HCL,2,0,440,548
Hépato-gastro-entérologie,HCL,7,0,458,1802
Maladies infectieuses et tropicales,HCL,3,0,63,175
Médecine cardiovasculaire,HCL,8,0,18,311
Médecine générale,HCL,158,0,593,8909
Médecine intensive-réanimation,HCL,3,0,24,2122
Médecine interne et immunologie clinique,HCL,6,0,561,713
Médecine légale et expertises médicales,HCL,1,0,1983,1983
Médecine nucléaire,HCL,1,0,1761,1761
Médecine physique et de réadaptation,HCL,4,0,4132,5098
Médecine et santé au travail,HCL,8,0,4852,9099
Médecine d’urgence,HCL,23,0,694,5450
Médecine vasculaire,HCL,2,0,3686,3778
Néphrologie,HCL,4,0,542,1696
Neurologie,HCL,7,0,114,1214
Oncologie,HCL,7,0,29,996
Pédiatrie,HCL,19,0,64,4706
Pneumologie,HCL,6,0,1173,2544
Psychiatrie,HCL,27,0,574,8050
Radiologie et imagerie médicale,HCL,14,0,172,1828
Rhumatologie,HCL,4,0,688,4014
Santé publique,HCL,5,0,3206,9042
Biologie médicale,HCL,6,0,38,8735
Chirurgie maxillo-faciale,SAINT ETIENNE,1,0,1634,1634
Chirurgie orale,SAINT ETIENNE,0,NA,NA,NA
Chirurgie orthopédique et traumatologique,SAINT ETIENNE,2,0,1799,2399
Chirurgie pédiatrique,SAINT ETIENNE,1,0,3689,3689
"Chirurgie plastique, reconstructrice et esthétique",SAINT ETIENNE,0,NA,NA,NA
Chirurgie thoracique et cardiovasculaire,SAINT ETIENNE,1,0,4605,4605
Chirurgie vasculaire,SAINT ETIENNE,1,0,4201,4201
Chirurgie viscérale et digestive,SAINT ETIENNE,1,0,4923,4923
Gynécologie obstétrique,SAINT ETIENNE,5,0,3549,4158
Neurochirurgie,SAINT ETIENNE,1,0,4261,4261
Ophtalmologie,SAINT ETIENNE,6,0,1370,2169
Oto-rhino-laryngologie - chirurgie cervico-faciale,SAINT ETIENNE,2,0,2373,2949
Urologie,SAINT ETIENNE,1,0,2045,2045
Allergologie,SAINT ETIENNE,1,0,7268,7268
Anatomie et cytologie pathologiques,SAINT ETIENNE,1,0,4935,4935
Anesthésie-réanimation,SAINT ETIENNE,10,0,1031,3138
Dermatologie et vénéréologie,SAINT ETIENNE,3,0,798,1653
Endocrinologie-diabétologie-nutrition,SAINT ETIENNE,2,0,5946,6034
Génétique médicale,SAINT ETIENNE,0,NA,NA,NA
Gériatrie,SAINT ETIENNE,3,0,7731,9721
Gynécologie médicale,SAINT ETIENNE,0,NA,NA,NA
Hématologie,SAINT ETIENNE,1,0,2668,2668
Hépato-gastro-entérologie,SAINT ETIENNE,3,0,3598,3998
Maladies infectieuses et tropicales,SAINT ETIENNE,2,0,2302,4801
Médecine cardiovasculaire,SAINT ETIENNE,3,0,727,1646
Médecine générale,SAINT ETIENNE,87,0,1422,8898
Médecine intensive-réanimation,SAINT ETIENNE,2,0,2736,4553
Médecine interne et immunologie clinique,SAINT ETIENNE,2,0,5262,6842
Médecine légale et expertises médicales,SAINT ETIENNE,0,NA,NA,NA
Médecine nucléaire,SAINT ETIENNE,1,0,446,446
Médecine physique et de réadaptation,SAINT ETIENNE,2,0,5004,6097
Médecine et santé au travail,SAINT ETIENNE,2,0,6480,9497
Médecine d’urgence,SAINT ETIENNE,8,0,2897,7505
Médecine vasculaire,SAINT ETIENNE,1,0,3936,3936
Néphrologie,SAINT ETIENNE,1,0,4142,4142
Neurologie,SAINT ETIENNE,2,0,3247,3327
Oncologie,SAINT ETIENNE,2,0,3428,3931
Pédiatrie,SAINT ETIENNE,6,0,986,5469
Pneumologie,SAINT ETIENNE,3,0,3740,4590
Psychiatrie,SAINT ETIENNE,10,7,7946,8780
Radiologie et imagerie médicale,SAINT ETIENNE,5,0,1082,2322
Rhumatologie,SAINT ETIENNE,2,0,4692,4698
Santé publique,SAINT ETIENNE,1,0,6397,6397
Biologie médicale,SAINT ETIENNE,3,1,9461,9584
Chirurgie maxillo-faciale,BREST,0,NA,NA,NA
Chirurgie orale,BREST,0,NA,NA,NA
Chirurgie orthopédique et traumatologique,BREST,3,0,1491,2531
Chirurgie pédiatrique,BREST,1,0,3077,3077
"Chirurgie plastique, reconstructrice et esthétique",BREST,1,0,625,625
Chirurgie thoracique et cardiovasculaire,BREST,0,NA,NA,NA
Chirurgie vasculaire,BREST,1,0,4089,4089
Chirurgie viscérale et digestive,BREST,1,0,4784,4784
Gynécologie obstétrique,BREST,4,0,1032,3764
Neurochirurgie,BREST,1,0,4627,4627
Ophtalmologie,BREST,3,0,517,1384
Oto-rhino-laryngologie - chirurgie cervico-faciale,BREST,3,0,2215,2430
Urologie,BREST,1,0,2838,2838
Allergologie,BREST,1,0,7330,7330
Anatomie et cytologie pathologiques,BREST,2,0,491,5082
Anesthésie-réanimation,BREST,9,0,359,2822
Dermatologie et vénéréologie,BREST,4,0,690,1518
Endocrinologie-diabétologie-nutrition,BREST,3,0,3143,4910
Génétique médicale,BREST,0,NA,NA,NA
Gériatrie,BREST,2,1,7363,7363
Gynécologie médicale,BREST,2,0,3884,4271
Hématologie,BREST,1,0,4975,4975
Hépato-gastro-entérologie,BREST,3,0,2795,3774
Maladies infectieuses et tropicales,BREST,1,0,4127,4127
Médecine cardiovasculaire,BREST,4,0,1879,2552
Médecine générale,BREST,103,0,233,9646
Médecine intensive-réanimation,BREST,2,0,251,4662
Médecine interne et immunologie clinique,BREST,3,0,2541,6669
Médecine légale et expertises médicales,BREST,1,0,7480,7480
Médecine nucléaire,BREST,1,0,3291,3291
Médecine physique et de réadaptation,BREST,3,0,6345,6843
Médecine et santé au travail,BREST,4,3,9346,9346
Médecine d’urgence,BREST,9,0,3476,5753
Médecine vasculaire,BREST,2,0,3777,4507
Néphrologie,BREST,2,0,4160,4225
Neurologie,BREST,4,0,4263,4559
Oncologie,BREST,4,0,1823,3386
Pédiatrie,BREST,5,0,1877,5396
Pneumologie,BREST,4,0,3115,3853
Psychiatrie,BREST,12,10,7624,9436
Radiologie et imagerie médicale,BREST,7,0,875,3304
Rhumatologie,BREST,2,0,444,537
Santé publique,BREST,1,1,0,0
Biologie médicale,BREST,2,0,5129,5327
Chirurgie maxillo-faciale,RENNES,0,NA,NA,NA
Chirurgie orale,RENNES,0,NA,NA,NA
Chirurgie orthopédique et traumatologique,RENNES,4,0,707,1917
Chirurgie pédiatrique,RENNES,0,NA,NA,NA
"Chirurgie plastique, reconstructrice et esthétique",RENNES,0,NA,NA,NA
Chirurgie thoracique et cardiovasculaire,RENNES,1,0,884,884
Chirurgie vasculaire,RENNES,1,0,3439,3439
Chirurgie viscérale et digestive,RENNES,3,0,3994,4443
Gynécologie obstétrique,RENNES,6,0,524,2395
Neurochirurgie,RENNES,1,0,4744,4744
Ophtalmologie,RENNES,4,0,685,748
Oto-rhino-laryngologie - chirurgie cervico-faciale,RENNES,3,0,309,765
Urologie,RENNES,2,0,706,2198
Allergologie,RENNES,1,0,6802,6802
Anatomie et cytologie pathologiques,RENNES,1,0,4856,4856
Anesthésie-réanimation,RENNES,15,0,137,2301
Dermatologie et vénéréologie,RENNES,4,0,33,368
Endocrinologie-diabétologie-nutrition,RENNES,3,0,2798,4420
Génétique médicale,RENNES,1,0,3196,3196
Gériatrie,RENNES,6,0,611,8197
Gynécologie médicale,RENNES,3,0,334,2472
Hématologie,RENNES,1,0,1562,1562
Hépato-gastro-entérologie,RENNES,3,0,83,1645
Maladies infectieuses et tropicales,RENNES,1,0,228,228
Médecine cardiovasculaire,RENNES,7,0,143,2721
Médecine générale,RENNES,115,0,761,8779
Médecine intensive-réanimation,RENNES,3,0,885,3436
Médecine interne et immunologie clinique,RENNES,2,0,27,1109
Médecine légale et expertises médicales,RENNES,0,NA,NA,NA
Médecine nucléaire,RENNES,1,0,1411,1411
Médecine physique et de réadaptation,RENNES,3,0,3909,4703
Médecine et santé au travail,RENNES,5,2,7485,9559
Médecine d’urgence,RENNES,14,0,2762,6263
Médecine vasculaire,RENNES,2,0,3253,4333
Néphrologie,RENNES,3,0,1212,2657
Neurologie,RENNES,4,0,313,3305
Oncologie,RENNES,3,0,189,853
Pédiatrie,RENNES,8,0,640,3704
Pneumologie,RENNES,5,0,1588,3616
Psychiatrie,RENNES,12,0,4031,9218
Radiologie et imagerie médicale,RENNES,8,0,533,1895
Rhumatologie,RENNES,3,0,1803,2938
Santé publique,RENNES,2,1,6520,6520
Biologie médicale,RENNES,4,0,8141,9592
Chirurgie maxillo-faciale,ANGERS,1,0,1323,1323
Chirurgie orale,ANGERS,0,NA,NA,NA
Chirurgie orthopédique et traumatologique,ANGERS,3,0,1595,2778
Chirurgie pédiatrique,ANGERS,1,0,3706,3706
"Chirurgie plastique, reconstructrice et esthétique",ANGERS,1,0,521,521
Chirurgie thoracique et cardiovasculaire,ANGERS,1,0,4029,4029
Chirurgie vasculaire,ANGERS,1,0,4241,4241
Chirurgie viscérale et digestive,ANGERS,2,0,2734,3836
Gynécologie obstétrique,ANGERS,6,0,2702,3662
Neurochirurgie,ANGERS,0,NA,NA,NA
Ophtalmologie,ANGERS,3,0,601,1227
Oto-rhino-laryngologie - chirurgie cervico-faciale,ANGERS,1,0,1113,1113
Urologie,ANGERS,2,0,2611,2913
Allergologie,ANGERS,1,0,5627,5627
Anatomie et cytologie pathologiques,ANGERS,2,0,4495,4842
Anesthésie-réanimation,ANGERS,15,0,495,2740
Dermatologie et vénéréologie,ANGERS,3,0,41,1111
Endocrinologie-diabétologie-nutrition,ANGERS,2,0,3479,5628
Génétique médicale,ANGERS,1,0,5367,5367
Gériatrie,ANGERS,4,0,4949,7940
Gynécologie médicale,ANGERS,1,0,3489,3489
Hématologie,ANGERS,2,0,1880,4841
Hépato-gastro-entérologie,ANGERS,4,0,596,3259
Maladies infectieuses et tropicales,ANGERS,1,0,1542,1542
Médecine cardiovasculaire,ANGERS,6,0,1463,2578
Médecine générale,ANGERS,116,0,78,9016
Médecine intensive-réanimation,ANGERS,3,0,257,3633
Médecine interne et immunologie clinique,ANGERS,3,0,1662,5643
Médecine légale et expertises médicales,ANGERS,1,0,2976,2976
Médecine nucléaire,ANGERS,1,0,2613,2613
Médecine physique et de réadaptation,ANGERS,2,0,5415,6247
Médecine et santé au travail,ANGERS,4,2,6874,8988
Médecine d’urgence,ANGERS,15,0,3813,6896
Médecine vasculaire,ANGERS,2,0,3949,4208
Néphrologie,ANGERS,3,0,1635,3691
Neurologie,ANGERS,4,0,2189,3572
Oncologie,ANGERS,2,0,1405,2391
Pédiatrie,ANGERS,8,0,695,2608
Pneumologie,ANGERS,3,0,1804,3794
Psychiatrie,ANGERS,14,1,4945,9634
Radiologie et imagerie médicale,ANGERS,7,0,1836,2581
Rhumatologie,ANGERS,2,0,2356,4335
Santé publique,ANGERS,2,2,0,0
Biologie médicale,ANGERS,3,0,6779,9619
Chirurgie maxillo-faciale,NANTES,1,0,218,218
Chirurgie orale,NANTES,1,0,3472,3472
Chirurgie orthopédique et traumatologique,NANTES,4,0,2173,2604
Chirurgie pédiatrique,NANTES,1,0,3896,3896
"Chirurgie plastique, reconstructrice et esthétique",NANTES,1,0,417,417
Chirurgie thoracique et cardiovasculaire,NANTES,1,0,4066,4066
Chirurgie vasculaire,NANTES,1,0,3874,3874
Chirurgie viscérale et digestive,NANTES,3,0,3189,3734
Gynécologie obstétrique,NANTES,6,0,1664,3132
Neurochirurgie,NANTES,1,0,3926,3926
Ophtalmologie,NANTES,4,0,527,969
Oto-rhino-laryngologie - chirurgie cervico-faciale,NANTES,2,0,100,820
Urologie,NANTES,2,0,1765,2433
Allergologie,NANTES,1,0,5977,5977
Anatomie et cytologie pathologiques,NANTES,1,0,3355,3355
Anesthésie-réanimation,NANTES,16,0,72,2457
Dermatologie et vénéréologie,NANTES,4,0,448,1135
Endocrinologie-diabétologie-nutrition,NANTES,3,0,4848,5636
Génétique médicale,NANTES,1,0,7051,7051
Gériatrie,NANTES,7,0,6224,9566
Gynécologie médicale,NANTES,3,0,3311,3567
Hématologie,NANTES,2,0,271,5040
Hépato-gastro-entérologie,NANTES,4,0,300,3103
Maladies infectieuses et tropicales,NANTES,2,0,54,1216
Médecine cardiovasculaire,NANTES,7,0,125,1269
Médecine générale,NANTES,117,0,1475,9190
Médecine intensive-réanimation,NANTES,3,0,1193,2963
Médecine interne et immunologie clinique,NANTES,4,0,1177,4643
Médecine légale et expertises médicales,NANTES,1,0,5824,5824
Médecine nucléaire,NANTES,1,0,322,322
Médecine physique et de réadaptation,NANTES,3,0,2573,6385
Médecine et santé au travail,NANTES,2,0,9427,9631
Médecine d’urgence,NANTES,16,0,1142,6422
Médecine vasculaire,NANTES,1,0,2248,2248
Néphrologie,NANTES,3,0,494,3135
Neurologie,NANTES,4,0,1975,3256
Oncologie,NANTES,3,0,549,954
Pédiatrie,NANTES,10,0,40,2538
Pneumologie,NANTES,4,0,96,3181
Psychiatrie,NANTES,16,0,1184,9421
Radiologie et imagerie médicale,NANTES,8,0,1666,2529
Rhumatologie,NANTES,2,0,1437,2174
Santé publique,NANTES,2,0,1550,3226
Biologie médicale,NANTES,2,0,3978,8891
Chirurgie maxillo-faciale,TOURS,2,0,1218,1824
Chirurgie orale,TOURS,1,0,3462,3462
Chirurgie orthopédique et traumatologique,TOURS,7,0,1881,3117
Chirurgie pédiatrique,TOURS,1,0,4240,4240
"Chirurgie plastique, reconstructrice et esthétique",TOURS,0,NA,NA,NA
Chirurgie thoracique et cardiovasculaire,TOURS,1,0,4300,4300
Chirurgie vasculaire,TOURS,0,NA,NA,NA
Chirurgie viscérale et digestive,TOURS,6,0,1254,4792
Gynécologie obstétrique,TOURS,7,0,2222,3714
Neurochirurgie,TOURS,1,0,3286,3286
Ophtalmologie,TOURS,5,0,658,1615
Oto-rhino-laryngologie - chirurgie cervico-faciale,TOURS,4,0,2252,2732
Urologie,TOURS,3,0,3224,3722
Allergologie,TOURS,2,0,4569,5390
Anatomie et cytologie pathologiques,TOURS,3,0,3757,5014
Anesthésie-réanimation,TOURS,19,0,775,3404
Dermatologie et vénéréologie,TOURS,6,0,355,1493
Endocrinologie-diabétologie-nutrition,TOURS,2,0,2068,4424
Génétique médicale,TOURS,1,0,7465,7465
Gériatrie,TOURS,6,0,4747,8704
Gynécologie médicale,TOURS,2,0,3921,4060
Hématologie,TOURS,3,0,2993,5292
Hépato-gastro-entérologie,TOURS,7,0,2090,3911
Maladies infectieuses et tropicales,TOURS,3,0,1566,4427
Médecine cardiovasculaire,TOURS,8,0,895,2829
Médecine générale,TOURS,134,0,650,9661
Médecine intensive-réanimation,TOURS,7,0,3497,4708
Médecine interne et immunologie clinique,TOURS,5,0,4739,6266
Médecine légale et expertises médicales,TOURS,2,0,4684,6440
Médecine nucléaire,TOURS,1,0,1821,1821
Médecine physique et de réadaptation,TOURS,3,0,4941,6730
Médecine et santé au travail,TOURS,0,NA,NA,NA
Médecine d’urgence,TOURS,17,0,6088,7919
Médecine vasculaire,TOURS,0,NA,NA,NA
Néphrologie,TOURS,5,0,263,2674
Neurologie,TOURS,5,0,3465,4303
Oncologie,TOURS,6,0,740,3245
Pédiatrie,TOURS,13,0,672,5743
Pneumologie,TOURS,6,0,346,4177
Psychiatrie,TOURS,13,3,5555,9602
Radiologie et imagerie médicale,TOURS,11,0,277,3018
Rhumatologie,TOURS,5,0,3547,4298
Santé publique,TOURS,3,2,9170,9170
Biologie médicale,TOURS,3,0,7419,8800
Chirurgie maxillo-faciale,POITIERS,0,NA,NA,NA
Chirurgie orale,POITIERS,0,NA,NA,NA
Chirurgie orthopédique et traumatologique,POITIERS,5,0,2352,3165
Chirurgie pédiatrique,POITIERS,1,0,3927,3927
"Chirurgie plastique, reconstructrice et esthétique",POITIERS,0,NA,NA,NA
Chirurgie thoracique et cardiovasculaire,POITIERS,0,NA,NA,NA
Chirurgie vasculaire,POITIERS,1,0,3534,3534
Chirurgie viscérale et digestive,POITIERS,2,0,4152,4875
Gynécologie obstétrique,POITIERS,6,0,3918,4496
Neurochirurgie,POITIERS,1,0,4682,4682
Ophtalmologie,POITIERS,4,0,700,1650
Oto-rhino-laryngologie - chirurgie cervico-faciale,POITIERS,2,0,2849,2928
Urologie,POITIERS,2,0,3059,3062
Allergologie,POITIERS,1,0,5840,5840
Anatomie et cytologie pathologiques,POITIERS,1,0,5043,5043
Anesthésie-réanimation,POITIERS,13,0,2449,3409
Dermatologie et vénéréologie,POITIERS,4,0,352,1557
Endocrinologie-diabétologie-nutrition,POITIERS,3,0,5256,5624
Génétique médicale,POITIERS,1,0,9270,9270
Gériatrie,POITIERS,4,2,9438,9600
Gynécologie médicale,POITIERS,2,0,3301,4187
Hématologie,POITIERS,2,0,5144,5765
Hépato-gastro-entérologie,POITIERS,4,0,2684,3832
Maladies infectieuses et tropicales,POITIERS,2,0,3721,4724
Médecine cardiovasculaire,POITIERS,6,0,1481,2568
Médecine générale,POITIERS,115,0,505,9676
Médecine intensive-réanimation,POITIERS,3,0,3574,4428
Médecine interne et immunologie clinique,POITIERS,4,0,4067,6579
Médecine légale et expertises médicales,POITIERS,1,0,1429,1429
Médecine nucléaire,POITIERS,1,0,2729,2729
Médecine physique et de réadaptation,POITIERS,2,0,5451,7395
Médecine et santé au travail,POITIERS,1,0,4278,4278
Médecine d’urgence,POITIERS,17,0,4105,7375
Médecine vasculaire,POITIERS,1,0,3760,3760
Néphrologie,POITIERS,2,0,1510,4134
Neurologie,POITIERS,5,0,2683,4033
Oncologie,POITIERS,4,0,2669,4068
Pédiatrie,POITIERS,9,0,3319,5699
Pneumologie,POITIERS,4,0,4350,4541
Psychiatrie,POITIERS,18,6,4432,9417
Radiologie et imagerie médicale,POITIERS,7,0,1600,2894
Rhumatologie,POITIERS,3,0,3612,4321
Santé publique,POITIERS,2,2,0,0
Biologie médicale,POITIERS,2,0,3410,4740
Chirurgie maxillo-faciale,MONTPELLIER,1,0,124,124
Chirurgie orale,MONTPELLIER,1,0,2625,2625
Chirurgie orthopédique et traumatologique,MONTPELLIER,4,0,1416,1856
Chirurgie pédiatrique,MONTPELLIER,1,0,523,523
"Chirurgie plastique, reconstructrice et esthétique",MONTPELLIER,1,0,204,204
Chirurgie thoracique et cardiovasculaire,MONTPELLIER,1,0,3787,3787
Chirurgie vasculaire,MONTPELLIER,1,0,3607,3607
Chirurgie viscérale et digestive,MONTPELLIER,4,0,2403,3171
Gynécologie obstétrique,MONTPELLIER,6,0,588,1237
Neurochirurgie,MONTPELLIER,1,0,1986,1986
Ophtalmologie,MONTPELLIER,5,0,10,194
Oto-rhino-laryngologie - chirurgie cervico-faciale,MONTPELLIER,3,0,825,1187
Urologie,MONTPELLIER,2,0,1278,2289
Allergologie,MONTPELLIER,2,0,1952,5219
Anatomie et cytologie pathologiques,MONTPELLIER,3,0,2421,3234
Anesthésie-réanimation,MONTPELLIER,21,0,56,1414
Dermatologie et vénéréologie,MONTPELLIER,5,0,16,741
Endocrinologie-diabétologie-nutrition,MONTPELLIER,4,0,2650,4881
Génétique médicale,MONTPELLIER,1,0,960,960
Gériatrie,MONTPELLIER,10,0,3584,9091
Gynécologie médicale,MONTPELLIER,3,0,1572,2868
Hématologie,MONTPELLIER,2,0,778,1322
Hépato-gastro-entérologie,MONTPELLIER,4,0,220,1363
Maladies infectieuses et tropicales,MONTPELLIER,3,0,1,567
Médecine cardiovasculaire,MONTPELLIER,7,0,68,1179
Médecine générale,MONTPELLIER,143,0,269,8406
Médecine intensive-réanimation,MONTPELLIER,3,0,179,241
Médecine interne et immunologie clinique,MONTPELLIER,6,0,2,1720
Médecine légale et expertises médicales,MONTPELLIER,1,0,4364,4364
Médecine nucléaire,MONTPELLIER,1,0,534,534
Médecine physique et de réadaptation,MONTPELLIER,7,0,2186,4748
Médecine et santé au travail,MONTPELLIER,3,0,5596,8106
Médecine d’urgence,MONTPELLIER,24,0,185,5346
Médecine vasculaire,MONTPELLIER,3,0,4061,4376
Néphrologie,MONTPELLIER,4,0,922,2636
Neurologie,MONTPELLIER,5,0,583,1406
Oncologie,MONTPELLIER,4,0,93,1359
Pédiatrie,MONTPELLIER,13,0,972,3243
Pneumologie,MONTPELLIER,3,0,481,2994
Psychiatrie,MONTPELLIER,16,0,1771,8313
Radiologie et imagerie médicale,MONTPELLIER,8,0,165,1733
Rhumatologie,MONTPELLIER,4,0,1791,3639
Santé publique,MONTPELLIER,3,0,6621,9658
Biologie médicale,MONTPELLIER,3,0,4587,6435
Chirurgie maxillo-faciale,AP-HM,1,0,376,376
Chirurgie orale,AP-HM,1,0,1968,1968
Chirurgie orthopédique et traumatologique,AP-HM,3,0,946,1362
Chirurgie pédiatrique,AP-HM,1,0,2878,2878
"Chirurgie plastique, reconstructrice et esthétique",AP-HM,1,0,46,46
Chirurgie thoracique et cardiovasculaire,AP-HM,1,0,1693,1693
Chirurgie vasculaire,AP-HM,1,0,1240,1240
Chirurgie viscérale et digestive,AP-HM,4,0,1852,2956
Gynécologie obstétrique,AP-HM,8,0,945,2155
Neurochirurgie,AP-HM,1,0,4426,4426
Ophtalmologie,AP-HM,7,0,13,540
Oto-rhino-laryngologie - chirurgie cervico-faciale,AP-HM,3,0,482,639
Urologie,AP-HM,2,0,1027,1335
Allergologie,AP-HM,2,0,6217,6252
Anatomie et cytologie pathologiques,AP-HM,2,0,3218,3289
Anesthésie-réanimation,AP-HM,22,0,53,1115
Dermatologie et vénéréologie,AP-HM,3,0,120,278
Endocrinologie-diabétologie-nutrition,AP-HM,5,0,964,3801
Génétique médicale,AP-HM,1,0,6344,6344
Gériatrie,AP-HM,7,0,2337,6018
Gynécologie médicale,AP-HM,4,0,624,2236
Hématologie,AP-HM,2,0,1629,3162
Hépato-gastro-entérologie,AP-HM,5,0,793,2178
Maladies infectieuses et tropicales,AP-HM,4,0,656,1896
Médecine cardiovasculaire,AP-HM,9,0,260,1091
Médecine générale,AP-HM,195,0,155,8146
Médecine intensive-réanimation,AP-HM,4,0,1336,2151
Médecine interne et immunologie clinique,AP-HM,5,0,288,5002
Médecine légale et expertises médicales,AP-HM,2,0,5717,6085
Médecine nucléaire,AP-HM,2,0,2283,2396
Médecine physique et de réadaptation,AP-HM,5,0,2703,5181
Médecine et santé au travail,AP-HM,7,0,6783,8549
Médecine d’urgence,AP-HM,24,0,785,5781
Médecine vasculaire,AP-HM,2,0,3156,3670
Néphrologie,AP-HM,5,0,35,1706
Neurologie,AP-HM,6,0,31,1551
Oncologie,AP-HM,4,0,708,1597
Pédiatrie,AP-HM,17,0,425,4429
Pneumologie,AP-HM,6,0,2294,3389
Psychiatrie,AP-HM,26,0,1963,9305
Radiologie et imagerie médicale,AP-HM,12,0,6,2127
Rhumatologie,AP-HM,4,0,1018,3900
Santé publique,AP-HM,4,0,7858,9594
Biologie médicale,AP-HM,6,0,6416,9580
Chirurgie maxillo-faciale,NICE,1,0,1943,1943
Chirurgie orale,NICE,0,NA,NA,NA
Chirurgie orthopédique et traumatologique,NICE,3,0,1369,2571
Chirurgie pédiatrique,NICE,0,NA,NA,NA
"Chirurgie plastique, reconstructrice et esthétique",NICE,1,0,336,336
Chirurgie thoracique et cardiovasculaire,NICE,1,0,4136,4136
Chirurgie vasculaire,NICE,1,0,1349,1349
Chirurgie viscérale et digestive,NICE,2,0,1094,3303
Gynécologie obstétrique,NICE,5,0,1192,2996
Neurochirurgie,NICE,0,NA,NA,NA
Ophtalmologie,NICE,3,0,573,831
Oto-rhino-laryngologie - chirurgie cervico-faciale,NICE,1,0,786,786
Urologie,NICE,1,0,2224,2224
Allergologie,NICE,1,0,6369,6369
Anatomie et cytologie pathologiques,NICE,1,0,2034,2034
Anesthésie-réanimation,NICE,9,0,622,1837
Dermatologie et vénéréologie,NICE,2,0,248,370
Endocrinologie-diabétologie-nutrition,NICE,2,0,747,5223
Génétique médicale,NICE,1,0,4686,4686
Gériatrie,NICE,4,0,4870,9429
Gynécologie médicale,NICE,1,0,1409,1409
Hématologie,NICE,1,0,3250,3250
Hépato-gastro-entérologie,NICE,2,0,2527,3217
Maladies infectieuses et tropicales,NICE,1,0,2272,2272
Médecine cardiovasculaire,NICE,3,0,872,1427
Médecine générale,NICE,72,0,152,7740
Médecine intensive-réanimation,NICE,2,0,3414,4137
Médecine interne et immunologie clinique,NICE,2,0,4892,4912
Médecine légale et expertises médicales,NICE,1,0,6358,6358
Médecine nucléaire,NICE,1,0,578,578
Médecine physique et de réadaptation,NICE,2,0,4936,5006
Médecine et santé au travail,NICE,2,0,5492,7215
Médecine d’urgence,NICE,10,0,3548,6059
Médecine vasculaire,NICE,1,0,3596,3596
Néphrologie,NICE,1,0,37,37
Neurologie,NICE,3,0,1987,2751
Oncologie,NICE,2,0,1734,2890
Pédiatrie,NICE,7,0,726,4943
Pneumologie,NICE,3,0,2626,3768
Psychiatrie,NICE,11,0,5241,9367
Radiologie et imagerie médicale,NICE,3,0,97,1744
Rhumatologie,NICE,2,0,3372,3414
Santé publique,NICE,1,0,8137,8137
Biologie médicale,NICE,2,0,4461,5356
Chirurgie maxillo-faciale,BORDEAUX,1,0,131,131
Chirurgie orale,BORDEAUX,0,NA,NA,NA
Chirurgie orthopédique et traumatologique,BORDEAUX,5,0,1378,2259
Chirurgie pédiatrique,BORDEAUX,2,0,2605,3457
"Chirurgie plastique, reconstructrice et esthétique",BORDEAUX,1,0,211,211
Chirurgie thoracique et cardiovasculaire,BORDEAUX,1,0,3744,3744
Chirurgie vasculaire,BORDEAUX,1,0,1502,1502
Chirurgie viscérale et digestive,BORDEAUX,4,0,3323,3697
Gynécologie obstétrique,BORDEAUX,11,0,315,2722
Neurochirurgie,BORDEAUX,2,0,2773,3618
Ophtalmologie,BORDEAUX,7,0,159,877
Oto-rhino-laryngologie - chirurgie cervico-faciale,BORDEAUX,4,0,870,1186
Urologie,BORDEAUX,3,0,883,1638
Allergologie,BORDEAUX,1,0,6336,6336
Anatomie et cytologie pathologiques,BORDEAUX,3,0,399,2075
Anesthésie-réanimation,BORDEAUX,20,0,11,616
Dermatologie et vénéréologie,BORDEAUX,5,0,89,863
Endocrinologie-diabétologie-nutrition,BORDEAUX,3,0,2388,4146
Génétique médicale,BORDEAUX,1,0,5801,5801
Gériatrie,BORDEAUX,5,0,1308,5763
Gynécologie médicale,BORDEAUX,6,0,1592,3840
Hématologie,BORDEAUX,2,0,4995,5123
Hépato-gastro-entérologie,BORDEAUX,7,0,262,1967
Maladies infectieuses et tropicales,BORDEAUX,2,0,226,1338
Médecine cardiovasculaire,BORDEAUX,8,0,3,383
Médecine générale,BORDEAUX,158,0,389,9008
Médecine intensive-réanimation,BORDEAUX,3,0,2912,3796
Médecine interne et immunologie clinique,BORDEAUX,6,0,1274,5299
Médecine légale et expertises médicales,BORDEAUX,1,0,3729,3729
Médecine nucléaire,BORDEAUX,1,0,55,55
Médecine physique et de réadaptation,BORDEAUX,4,0,2670,4835
Médecine et santé au travail,BORDEAUX,6,0,4729,9232
Médecine d’urgence,BORDEAUX,22,0,442,6087
Médecine vasculaire,BORDEAUX,2,0,3498,3759
Néphrologie,BORDEAUX,5,0,274,1151
Neurologie,BORDEAUX,7,0,461,1656
Oncologie,BORDEAUX,7,0,477,1100
Pédiatrie,BORDEAUX,12,0,297,4131
Pneumologie,BORDEAUX,4,0,335,937
Psychiatrie,BORDEAUX,22,0,1314,8270
Radiologie et imagerie médicale,BORDEAUX,10,0,86,1051
Rhumatologie,BORDEAUX,4,0,604,1888
Santé publique,BORDEAUX,8,0,4992,9700
Biologie médicale,BORDEAUX,6,0,5825,7719
Chirurgie maxillo-faciale, LA REUNION,0,NA,NA,NA
Chirurgie orale, LA REUNION,0,NA,NA,NA
Chirurgie orthopédique et traumatologique, LA REUNION,2,0,1497,2572
Chirurgie pédiatrique, LA REUNION,0,NA,NA,NA
"Chirurgie plastique, reconstructrice et esthétique", LA REUNION,0,NA,NA,NA
Chirurgie thoracique et cardiovasculaire, LA REUNION,1,0,4952,4952
Chirurgie vasculaire, LA REUNION,0,NA,NA,NA
Chirurgie viscérale et digestive, LA REUNION,2,0,4013,4385
Gynécologie obstétrique, LA REUNION,6,0,3167,3629
Neurochirurgie, LA REUNION,0,NA,NA,NA
Ophtalmologie, LA REUNION,0,NA,NA,NA
Oto-rhino-laryngologie - chirurgie cervico-faciale, LA REUNION,1,0,1496,1496
Urologie, LA REUNION,0,NA,NA,NA
Allergologie, LA REUNION,0,NA,NA,NA
Anatomie et cytologie pathologiques, LA REUNION,0,NA,NA,NA
Anesthésie-réanimation, LA REUNION,6,0,158,1560
Dermatologie et vénéréologie, LA REUNION,2,0,401,653
Endocrinologie-diabétologie-nutrition, LA REUNION,2,0,4302,5259
Génétique médicale, LA REUNION,0,NA,NA,NA
Gériatrie, LA REUNION,1,1,0,0
Gynécologie médicale, LA REUNION,2,0,4101,4231
Hématologie, LA REUNION,1,0,5712,5712
Hépato-gastro-entérologie, LA REUNION,2,0,631,3210
Maladies infectieuses et tropicales, LA REUNION,1,0,1976,1976
Médecine cardiovasculaire, LA REUNION,3,0,215,2179
Médecine générale, LA REUNION,75,0,958,8440
Médecine intensive-réanimation, LA REUNION,1,0,1112,1112
Médecine interne et immunologie clinique, LA REUNION,2,0,4462,6292
Médecine légale et expertises médicales, LA REUNION,0,NA,NA,NA
Médecine nucléaire, LA REUNION,0,NA,NA,NA
Médecine physique et de réadaptation, LA REUNION,1,0,2601,2601
Médecine et santé au travail, LA REUNION,0,NA,NA,NA
Médecine d’urgence, LA REUNION,9,0,1436,5368
Médecine vasculaire, LA REUNION,0,NA,NA,NA
Néphrologie, LA REUNION,2,0,3473,3712
Neurologie, LA REUNION,2,0,2511,2735
Oncologie, LA REUNION,2,0,3901,3947
Pédiatrie, LA REUNION,6,0,829,3442
Pneumologie, LA REUNION,2,0,3786,4104
Psychiatrie, LA REUNION,6,0,3036,6022
Radiologie et imagerie médicale, LA REUNION,4,0,1439,2596
Rhumatologie, LA REUNION,1,0,3353,3353
Santé publique, LA REUNION,2,2,0,0
Biologie médicale, LA REUNION,2,1,9723,9723
Chirurgie maxillo-faciale,TOULOUSE,1,0,69,69
Chirurgie orale,TOULOUSE,1,0,2737,2737
Chirurgie orthopédique et traumatologique,TOULOUSE,4,0,1059,1554
Chirurgie pédiatrique,TOULOUSE,1,0,1206,1206
"Chirurgie plastique, reconstructrice et esthétique",TOULOUSE,1,0,276,276
Chirurgie thoracique et cardiovasculaire,TOULOUSE,1,0,4390,4390
Chirurgie vasculaire,TOULOUSE,1,0,3849,3849
Chirurgie viscérale et digestive,TOULOUSE,2,0,657,1632
Gynécologie obstétrique,TOULOUSE,7,0,1291,1832
Neurochirurgie,TOULOUSE,2,0,1459,2267
Ophtalmologie,TOULOUSE,6,0,28,472
Oto-rhino-laryngologie - chirurgie cervico-faciale,TOULOUSE,3,0,348,558
Urologie,TOULOUSE,2,0,1623,2110
Allergologie,TOULOUSE,1,0,6373,6373
Anatomie et cytologie pathologiques,TOULOUSE,2,0,314,1467
Anesthésie-réanimation,TOULOUSE,23,0,32,1829
Dermatologie et vénéréologie,TOULOUSE,4,0,65,632
Endocrinologie-diabétologie-nutrition,TOULOUSE,4,0,1847,5063
Génétique médicale,TOULOUSE,1,0,5308,5308
Gériatrie,TOULOUSE,9,0,3058,8870
Gynécologie médicale,TOULOUSE,5,0,419,2973
Hématologie,TOULOUSE,1,0,4986,4986
Hépato-gastro-entérologie,TOULOUSE,5,0,665,2142
Maladies infectieuses et tropicales,TOULOUSE,2,0,267,876
Médecine cardiovasculaire,TOULOUSE,8,0,326,1530
Médecine générale,TOULOUSE,153,0,341,9296
Médecine intensive-réanimation,TOULOUSE,4,0,377,3847
Médecine interne et immunologie clinique,TOULOUSE,4,0,1766,5374
Médecine légale et expertises médicales,TOULOUSE,1,0,1372,1372
Médecine nucléaire,TOULOUSE,1,0,948,948
Médecine physique et de réadaptation,TOULOUSE,4,0,2320,4052
Médecine et santé au travail,TOULOUSE,6,1,9293,10500
Médecine d’urgence,TOULOUSE,25,0,799,5504
Médecine vasculaire,TOULOUSE,3,0,2234,3416
Néphrologie,TOULOUSE,4,0,457,3095
Neurologie,TOULOUSE,6,0,950,2168
Oncologie,TOULOUSE,4,0,1152,2859
Pédiatrie,TOULOUSE,12,0,2265,4762
Pneumologie,TOULOUSE,4,0,1162,3153
Psychiatrie,TOULOUSE,24,0,581,9539
Radiologie et imagerie médicale,TOULOUSE,10,0,216,1900
Rhumatologie,TOULOUSE,4,0,818,2624
Santé publique,TOULOUSE,3,1,9031,9494
Biologie médicale,TOULOUSE,4,0,6098,8572
Chirurgie maxillo-faciale,LIMOGES,1,0,1985,1985
Chirurgie orale,LIMOGES,0,NA,NA,NA
Chirurgie orthopédique et traumatologique,LIMOGES,3,0,2659,3425
Chirurgie pédiatrique,LIMOGES,1,0,4775,4775
"Chirurgie plastique, reconstructrice et esthétique",LIMOGES,1,0,1125,1125
Chirurgie thoracique et cardiovasculaire,LIMOGES,1,0,4926,4926
Chirurgie vasculaire,LIMOGES,0,NA,NA,NA
Chirurgie viscérale et digestive,LIMOGES,2,0,4802,4915
Gynécologie obstétrique,LIMOGES,4,0,4176,4489
Neurochirurgie,LIMOGES,1,0,4725,4725
Ophtalmologie,LIMOGES,3,0,1004,1719
Oto-rhino-laryngologie - chirurgie cervico-faciale,LIMOGES,2,0,2791,3358
Urologie,LIMOGES,1,0,3770,3770
Allergologie,LIMOGES,1,0,6608,6608
Anatomie et cytologie pathologiques,LIMOGES,2,0,718,4164
Anesthésie-réanimation,LIMOGES,9,0,1129,3648
Dermatologie et vénéréologie,LIMOGES,2,0,1326,1732
Endocrinologie-diabétologie-nutrition,LIMOGES,3,0,4316,4779
Génétique médicale,LIMOGES,0,NA,NA,NA
Gériatrie,LIMOGES,3,2,8113,8113
Gynécologie médicale,LIMOGES,2,0,1003,4188
Hématologie,LIMOGES,1,0,5520,5520
Hépato-gastro-entérologie,LIMOGES,4,0,2309,4219
Maladies infectieuses et tropicales,LIMOGES,1,0,4431,4431
Médecine cardiovasculaire,LIMOGES,4,0,2884,3142
Médecine générale,LIMOGES,66,0,2518,9711
Médecine intensive-réanimation,LIMOGES,2,0,4696,4970
Médecine interne et immunologie clinique,LIMOGES,3,0,5016,6772
Médecine légale et expertises médicales,LIMOGES,1,0,6803,6803
Médecine nucléaire,LIMOGES,1,0,2040,2040
Médecine physique et de réadaptation,LIMOGES,2,0,5289,5653
Médecine et santé au travail,LIMOGES,2,2,0,0
Médecine d’urgence,LIMOGES,7,0,2748,7704
Médecine vasculaire,LIMOGES,2,0,4283,4514
Néphrologie,LIMOGES,2,0,4256,4572
Neurologie,LIMOGES,3,0,2392,4626
Oncologie,LIMOGES,4,0,3585,4359
Pédiatrie,LIMOGES,5,0,5009,6246
Pneumologie,LIMOGES,3,0,4660,4752
Psychiatrie,LIMOGES,9,0,2506,8039
Radiologie et imagerie médicale,LIMOGES,4,0,2647,3137
Rhumatologie,LIMOGES,2,0,1685,4676
Santé publique,LIMOGES,1,1,0,0
Biologie médicale,LIMOGES,2,2,0,0
Chirurgie maxillo-faciale,GUADELOUPE,0,NA,NA,NA
Chirurgie orale,GUADELOUPE,0,NA,NA,NA
Chirurgie orthopédique et traumatologique,GUADELOUPE,3,0,3467,3573
Chirurgie pédiatrique,GUADELOUPE,1,0,4244,4244
"Chirurgie plastique, reconstructrice et esthétique",GUADELOUPE,0,NA,NA,NA
Chirurgie thoracique et cardiovasculaire,GUADELOUPE,0,NA,NA,NA
Chirurgie vasculaire,GUADELOUPE,0,NA,NA,NA
Chirurgie viscérale et digestive,GUADELOUPE,3,0,4960,5078
Gynécologie obstétrique,GUADELOUPE,4,0,2427,4408
Neurochirurgie,GUADELOUPE,1,0,4011,4011
Ophtalmologie,GUADELOUPE,3,0,1412,1712
Oto-rhino-laryngologie - chirurgie cervico-faciale,GUADELOUPE,1,0,3119,3119
Urologie,GUADELOUPE,2,0,3784,3810
Allergologie,GUADELOUPE,0,NA,NA,NA
Anatomie et cytologie pathologiques,GUADELOUPE,2,0,4345,4771
Anesthésie-réanimation,GUADELOUPE,9,0,920,2771
Dermatologie et vénéréologie,GUADELOUPE,1,0,1920,1920
Endocrinologie-diabétologie-nutrition,GUADELOUPE,1,0,5491,5491
Génétique médicale,GUADELOUPE,1,0,8801,8801
Gériatrie,GUADELOUPE,4,3,8873,8873
Gynécologie médicale,GUADELOUPE,2,0,2100,2147
Hématologie,GUADELOUPE,1,0,5585,5585
Hépato-gastro-entérologie,GUADELOUPE,2,0,3406,4234
Maladies infectieuses et tropicales,GUADELOUPE,3,0,1108,5064
Médecine cardiovasculaire,GUADELOUPE,0,NA,NA,NA
Médecine générale,GUADELOUPE,70,0,1916,9716
Médecine intensive-réanimation,GUADELOUPE,2,0,4267,4972
Médecine interne et immunologie clinique,GUADELOUPE,2,0,6407,6497
Médecine légale et expertises médicales,GUADELOUPE,1,0,7854,7854
Médecine nucléaire,GUADELOUPE,1,0,3154,3154
Médecine physique et de réadaptation,GUADELOUPE,3,0,5211,6155
Médecine et santé au travail,GUADELOUPE,2,0,8693,9684
Médecine d’urgence,GUADELOUPE,6,0,5216,6251
Médecine vasculaire,GUADELOUPE,1,0,4555,4555
Néphrologie,GUADELOUPE,2,0,3964,4629
Neurologie,GUADELOUPE,1,0,4715,4715
Oncologie,GUADELOUPE,1,0,3659,3659
Pédiatrie,GUADELOUPE,8,0,3222,6094
Pneumologie,GUADELOUPE,3,0,4743,4877
Psychiatrie,GUADELOUPE,7,2,7296,10500
Radiologie et imagerie médicale,GUADELOUPE,2,0,3014,3076
Rhumatologie,GUADELOUPE,3,0,4947,5268
Santé publique,GUADELOUPE,3,2,9549,9549
Biologie médicale,GUADELOUPE,2,2,0,0
