Chirurgie 1,Neurochirurgie,HCL,0,1,662
Chirurgie 1,Oto-rhino-laryngologie - chirurgie cervico-faciale,HCL,0,3,676 - 959
Chirurgie 1,Ophtalmologie,HCL,0,9,14 - 558
Chirurgie 1,"Chirurgie plastique, reconstructrice et esthétique",HCL,0,1,46
Chirurgie 1,Chirurgie maxillo-faciale,HCL,0,1,297
Chirurgie 1,Chirurgie orale,HCL,0,1,2278
Chirurgie 2,Urologie,HCL,0,3,735 - 1594
Chirurgie 2,Gynécologie obstétrique,HCL,0,11,302 - 1958
Chirurgie 2,Chirurgie viscérale et digestive,HCL,0,3,362 - 1199
Chirurgie 2,Chirurgie vasculaire,HCL,0,1,990
Chirurgie 2,Chirurgie thoracique et cardiovasculaire,HCL,0,1,3680
Chirurgie 2,Chirurgie pédiatrique,HCL,0,1,1043
Chirurgie 2,Chirurgie orthopédique et traumatologique,HCL,0,5,311 - 1347
Médecine de l'aigu,Médecine d’urgence,HCL,0,20,275 - 4328
Médecine de l'aigu,Médecine intensive-réanimation,HCL,0,3,846 - 1413
Médecine de l'aigu,Anesthésie-réanimation,HCL,0,19,51 - 565
Médecine d'investigation 1,Anatomie et cytologie pathologiques,HCL,0,2,3547 - 3658
Médecine d'investigation 1,Radiologie et imagerie médicale,HCL,0,10,256 - 1783
Médecine d'investigation 1,Médecine nucléaire,HCL,0,1,1934
Médecine d'investigation 2,Génétique médicale,HCL,0,1,3975
Médecine d'investigation 2,Biologie médicale,HCL,0,5,5242 - 7766
Santé publique - Santé au travail - Médecine légale,Médecine et santé au travail,HCL,3,4,6518 - 7461
Santé publique - Santé au travail - Médecine légale,Médecine légale et expertises médicales,HCL,0,1,5140
Santé publique - Santé au travail - Médecine légale,Santé publique,HCL,0,4,2161 - 7590
Endocrinologie - Diabétologie - Nutrition - Gynécologie médicale,Gynécologie médicale,HCL,0,3,762 - 1197
Endocrinologie - Diabétologie - Nutrition - Gynécologie médicale,Endocrinologie-diabétologie-nutrition,HCL,0,3,125 - 1529
Spécialités médicales transversales,Médecine interne et immunologie clinique,HCL,0,5,515 - 973
Spécialités médicales transversales,Maladies infectieuses et tropicales,HCL,0,3,37 - 914
Spécialités médicales transversales,Gériatrie,HCL,0,9,986 - 6129
Spécialités médicales transversales,Dermatologie et vénéréologie,HCL,0,4,30 - 294
Spécialités médicales transversales,Allergologie,HCL,0,2,2078 - 3277
Spécialités médicales transversales,Rhumatologie,HCL,0,3,1009 - 2211
Psychiatrie - Neurologie - Médecine Physique et Réadaptation,Neurologie,HCL,0,6,438 - 1184
Psychiatrie - Neurologie - Médecine Physique et Réadaptation,Psychiatrie,HCL,0,25,1014 - 5872
Psychiatrie - Neurologie - Médecine Physique et Réadaptation,Médecine physique et de réadaptation,HCL,0,3,2849 - 4156
Hématologie - Oncologie - Hépato-gastroentérologie,Hépato-gastro-entérologie,HCL,0,6,222 - 846
Hématologie - Oncologie - Hépato-gastroentérologie,Hématologie,HCL,0,2,289 - 546
Hématologie - Oncologie - Hépato-gastroentérologie,Oncologie,HCL,0,6,94 - 538
Pédiatrie,Pédiatrie,HCL,0,16,17 - 3270
Médecine cardiovasculaire - Médecine vasculaire - Pneumologie - Néphrologie,Médecine vasculaire,HCL,0,2,1923 - 2650
Médecine cardiovasculaire - Médecine vasculaire - Pneumologie - Néphrologie,Médecine cardiovasculaire,HCL,0,7,71 - 227
Médecine cardiovasculaire - Médecine vasculaire - Pneumologie - Néphrologie,Néphrologie,HCL,0,3,451 - 2102
Médecine cardiovasculaire - Médecine vasculaire - Pneumologie - Néphrologie,Pneumologie,HCL,0,5,516 - 2862
Médecine générale,Médecine générale,HCL,0,126,95 - 6191
Chirurgie 1,Neurochirurgie,GRENOBLE,0,1,1338
Chirurgie 1,Oto-rhino-laryngologie - chirurgie cervico-faciale,GRENOBLE,0,2,478 - 1843
Chirurgie 1,Ophtalmologie,GRENOBLE,0,3,681 - 726
Chirurgie 1,"Chirurgie plastique, reconstructrice et esthétique",GRENOBLE,0,0,
Chirurgie 1,Chirurgie maxillo-faciale,GRENOBLE,0,1,1686
Chirurgie 1,Chirurgie orale,GRENOBLE,0,0,
Chirurgie 2,Urologie,GRENOBLE,0,2,1340 - 1689
Chirurgie 2,Gynécologie obstétrique,GRENOBLE,0,5,1319 - 2365
Chirurgie 2,Chirurgie viscérale et digestive,GRENOBLE,0,2,1998 - 2265
Chirurgie 2,Chirurgie vasculaire,GRENOBLE,0,1,3243
Chirurgie 2,Chirurgie thoracique et cardiovasculaire,GRENOBLE,0,1,3382
Chirurgie 2,Chirurgie pédiatrique,GRENOBLE,0,1,560
Chirurgie 2,Chirurgie orthopédique et traumatologique,GRENOBLE,0,3,1298 - 1768
Médecine de l'aigu,Médecine d’urgence,GRENOBLE,0,11,1152 - 3450
Médecine de l'aigu,Médecine intensive-réanimation,GRENOBLE,0,2,503 - 1416
Médecine de l'aigu,Anesthésie-réanimation,GRENOBLE,0,10,133 - 877
Médecine d'investigation 1,Anatomie et cytologie pathologiques,GRENOBLE,0,2,3062 - 4707
Médecine d'investigation 1,Radiologie et imagerie médicale,GRENOBLE,0,4,4 - 1615
Médecine d'investigation 1,Médecine nucléaire,GRENOBLE,0,1,1144
Médecine d'investigation 2,Génétique médicale,GRENOBLE,0,0,
Médecine d'investigation 2,Biologie médicale,GRENOBLE,2,1,5701
Santé publique - Santé au travail - Médecine légale,Médecine et santé au travail,GRENOBLE,2,2,2051 - 7573
Santé publique - Santé au travail - Médecine légale,Médecine légale et expertises médicales,GRENOBLE,0,1,4997
Santé publique - Santé au travail - Médecine légale,Santé publique,GRENOBLE,2,0,
Endocrinologie - Diabétologie - Nutrition - Gynécologie médicale,Gynécologie médicale,GRENOBLE,0,2,937 - 1224
Endocrinologie - Diabétologie - Nutrition - Gynécologie médicale,Endocrinologie-diabétologie-nutrition,GRENOBLE,0,2,861 - 3600
Spécialités médicales transversales,Médecine interne et immunologie clinique,GRENOBLE,0,3,744 - 3849
Spécialités médicales transversales,Maladies infectieuses et tropicales,GRENOBLE,0,1,1181
Spécialités médicales transversales,Gériatrie,GRENOBLE,2,3,2864 - 7427
Spécialités médicales transversales,Dermatologie et vénéréologie,GRENOBLE,0,2,195 - 333
Spécialités médicales transversales,Allergologie,GRENOBLE,0,1,5309
Spécialités médicales transversales,Rhumatologie,GRENOBLE,0,2,3292 - 3486
Psychiatrie - Neurologie - Médecine Physique et Réadaptation,Neurologie,GRENOBLE,0,3,50 - 1122
Psychiatrie - Neurologie - Médecine Physique et Réadaptation,Psychiatrie,GRENOBLE,0,11,5042 - 7353
Psychiatrie - Neurologie - Médecine Physique et Réadaptation,Médecine physique et de réadaptation,GRENOBLE,0,2,631 - 967
Hématologie - Oncologie - Hépato-gastroentérologie,Hépato-gastro-entérologie,GRENOBLE,0,3,2139 - 2392
Hématologie - Oncologie - Hépato-gastroentérologie,Hématologie,GRENOBLE,0,1,2821
Hématologie - Oncologie - Hépato-gastroentérologie,Oncologie,GRENOBLE,0,2,1445 - 2637
Pédiatrie,Pédiatrie,GRENOBLE,0,8,54 - 3997
Médecine cardiovasculaire - Médecine vasculaire - Pneumologie - Néphrologie,Médecine vasculaire,GRENOBLE,0,2,2011 - 3095
Médecine cardiovasculaire - Médecine vasculaire - Pneumologie - Néphrologie,Médecine cardiovasculaire,GRENOBLE,0,4,722 - 1728
Médecine cardiovasculaire - Médecine vasculaire - Pneumologie - Néphrologie,Néphrologie,GRENOBLE,0,2,3467 - 3489
Médecine cardiovasculaire - Médecine vasculaire - Pneumologie - Néphrologie,Pneumologie,GRENOBLE,0,3,1625 - 2472
Médecine générale,Médecine générale,GRENOBLE,0,92,54 - 6066
Chirurgie 1,Neurochirurgie,SAINT-ETIENNE,0,1,1260
Chirurgie 1,Oto-rhino-laryngologie - chirurgie cervico-faciale,SAINT-ETIENNE,0,1,1868
Chirurgie 1,Ophtalmologie,SAINT-ETIENNE,0,5,1348 - 1523
Chirurgie 1,"Chirurgie plastique, reconstructrice et esthétique",SAINT-ETIENNE,0,0,
Chirurgie 1,Chirurgie maxillo-faciale,SAINT-ETIENNE,0,0,
Chirurgie 1,Chirurgie orale,SAINT-ETIENNE,0,0,
Chirurgie 2,Urologie,SAINT-ETIENNE,0,1,2207
Chirurgie 2,Gynécologie obstétrique,SAINT-ETIENNE,0,4,858 - 2478
Chirurgie 2,Chirurgie viscérale et digestive,SAINT-ETIENNE,0,1,3785
Chirurgie 2,Chirurgie vasculaire,SAINT-ETIENNE,0,0,
Chirurgie 2,Chirurgie thoracique et cardiovasculaire,SAINT-ETIENNE,0,1,3729
Chirurgie 2,Chirurgie pédiatrique,SAINT-ETIENNE,0,1,3683
Chirurgie 2,Chirurgie orthopédique et traumatologique,SAINT-ETIENNE,0,2,2636 - 2834
Médecine de l'aigu,Médecine d’urgence,SAINT-ETIENNE,0,7,3170 - 5208
Médecine de l'aigu,Médecine intensive-réanimation,SAINT-ETIENNE,0,2,3202 - 3584
Médecine de l'aigu,Anesthésie-réanimation,SAINT-ETIENNE,0,9,410 - 2044
Médecine d'investigation 1,Anatomie et cytologie pathologiques,SAINT-ETIENNE,0,1,4944
Médecine d'investigation 1,Radiologie et imagerie médicale,SAINT-ETIENNE,0,4,1811 - 2333
Médecine d'investigation 1,Médecine nucléaire,SAINT-ETIENNE,0,1,2446
Médecine d'investigation 2,Génétique médicale,SAINT-ETIENNE,0,0,
Médecine d'investigation 2,Biologie médicale,SAINT-ETIENNE,0,2,6543 - 7523
Santé publique - Santé au travail - Médecine légale,Médecine et santé au travail,SAINT-ETIENNE,1,0,
Santé publique - Santé au travail - Médecine légale,Médecine légale et expertises médicales,SAINT-ETIENNE,0,0,
Santé publique - Santé au travail - Médecine légale,Santé publique,SAINT-ETIENNE,1,0,
Endocrinologie - Diabétologie - Nutrition - Gynécologie médicale,Gynécologie médicale,SAINT-ETIENNE,0,0,
Endocrinologie - Diabétologie - Nutrition - Gynécologie médicale,Endocrinologie-diabétologie-nutrition,SAINT-ETIENNE,0,2,3763 - 4792
Spécialités médicales transversales,Médecine interne et immunologie clinique,SAINT-ETIENNE,0,2,3192 - 4545
Spécialités médicales transversales,Maladies infectieuses et tropicales,SAINT-ETIENNE,0,1,3337
Spécialités médicales transversales,Gériatrie,SAINT-ETIENNE,1,2,6394 - 7793
Spécialités médicales transversales,Dermatologie et vénéréologie,SAINT-ETIENNE,0,2,355 - 403
Spécialités médicales transversales,Allergologie,SAINT-ETIENNE,0,1,6332
Spécialités médicales transversales,Rhumatologie,SAINT-ETIENNE,0,2,2975 - 3817
Psychiatrie - Neurologie - Médecine Physique et Réadaptation,Neurologie,SAINT-ETIENNE,0,2,2792 - 3616
Psychiatrie - Neurologie - Médecine Physique et Réadaptation,Psychiatrie,SAINT-ETIENNE,5,3,6315 - 7690
Psychiatrie - Neurologie - Médecine Physique et Réadaptation,Médecine physique et de réadaptation,SAINT-ETIENNE,0,2,5853 - 6393
Hématologie - Oncologie - Hépato-gastroentérologie,Hépato-gastro-entérologie,SAINT-ETIENNE,0,2,2946 - 3215
Hématologie - Oncologie - Hépato-gastroentérologie,Hématologie,SAINT-ETIENNE,0,1,4491
Hématologie - Oncologie - Hépato-gastroentérologie,Oncologie,SAINT-ETIENNE,0,2,2504 - 3238
Pédiatrie,Pédiatrie,SAINT-ETIENNE,0,6,3712 - 4552
Médecine cardiovasculaire - Médecine vasculaire - Pneumologie - Néphrologie,Médecine vasculaire,SAINT-ETIENNE,0,1,1988
Médecine cardiovasculaire - Médecine vasculaire - Pneumologie - Néphrologie,Médecine cardiovasculaire,SAINT-ETIENNE,0,2,1886 - 1945
Médecine cardiovasculaire - Médecine vasculaire - Pneumologie - Néphrologie,Néphrologie,SAINT-ETIENNE,0,1,3611
Médecine cardiovasculaire - Médecine vasculaire - Pneumologie - Néphrologie,Pneumologie,SAINT-ETIENNE,0,3,3721 - 3822
Médecine générale,Médecine générale,SAINT-ETIENNE,0,72,162 - 7052
Chirurgie 1,Neurochirurgie,AP-HP,0,4,184 - 843
Chirurgie 1,Oto-rhino-laryngologie - chirurgie cervico-faciale,AP-HP,0,14,51 - 1295
Chirurgie 1,Ophtalmologie,AP-HP,0,23,2 - 423
Chirurgie 1,"Chirurgie plastique, reconstructrice et esthétique",AP-HP,0,4,78 - 296
Chirurgie 1,Chirurgie maxillo-faciale,AP-HP,0,3,443 - 973
Chirurgie 1,Chirurgie orale,AP-HP,0,3,1437 - 1775
Chirurgie 2,Urologie,AP-HP,0,7,527 - 1968
Chirurgie 2,Gynécologie obstétrique,AP-HP,0,42,117 - 2526
Chirurgie 2,Chirurgie viscérale et digestive,AP-HP,0,10,99 - 1888
Chirurgie 2,Chirurgie vasculaire,AP-HP,0,3,1839 - 2372
Chirurgie 2,Chirurgie thoracique et cardiovasculaire,AP-HP,0,3,201 - 1626
Chirurgie 2,Chirurgie pédiatrique,AP-HP,0,9,245 - 3425
Chirurgie 2,Chirurgie orthopédique et traumatologique,AP-HP,0,16,221 - 1453
Médecine de l'aigu,Médecine d’urgence,AP-HP,0,75,525 - 5500
Médecine de l'aigu,Médecine intensive-réanimation,AP-HP,0,14,260 - 2632
Médecine de l'aigu,Anesthésie-réanimation,AP-HP,0,77,21 - 1042
Médecine d'investigation 1,Anatomie et cytologie pathologiques,AP-HP,0,13,846 - 4458
Médecine d'investigation 1,Radiologie et imagerie médicale,AP-HP,0,38,64 - 1991
Médecine d'investigation 1,Médecine nucléaire,AP-HP,0,4,1046 - 2288
Médecine d'investigation 2,Génétique médicale,AP-HP,0,4,177 - 3202
Médecine d'investigation 2,Biologie médicale,AP-HP,4,11,4760 - 7357
Santé publique - Santé au travail - Médecine légale,Médecine et santé au travail,AP-HP,6,12,2769 - 7780
Santé publique - Santé au travail - Médecine légale,Médecine légale et expertises médicales,AP-HP,0,4,4646 - 5420
Santé publique - Santé au travail - Médecine légale,Santé publique,AP-HP,6,7,2480 - 7749
Endocrinologie - Diabétologie - Nutrition - Gynécologie médicale,Gynécologie médicale,AP-HP,0,17,994 - 2314
Endocrinologie - Diabétologie - Nutrition - Gynécologie médicale,Endocrinologie-diabétologie-nutrition,AP-HP,0,12,681 - 3430
Spécialités médicales transversales,Médecine interne et immunologie clinique,AP-HP,0,28,8 - 4076
Spécialités médicales transversales,Maladies infectieuses et tropicales,AP-HP,0,8,11 - 1916
Spécialités médicales transversales,Gériatrie,AP-HP,0,37,1235 - 7342
Spécialités médicales transversales,Dermatologie et vénéréologie,AP-HP,0,13,4 - 445
Spécialités médicales transversales,Allergologie,AP-HP,0,4,2094 - 4379
Spécialités médicales transversales,Rhumatologie,AP-HP,0,12,119 - 1948
Psychiatrie - Neurologie - Médecine Physique et Réadaptation,Neurologie,AP-HP,0,17,17 - 2416
Psychiatrie - Neurologie - Médecine Physique et Réadaptation,Psychiatrie,AP-HP,0,105,78 - 7706
Psychiatrie - Neurologie - Médecine Physique et Réadaptation,Médecine physique et de réadaptation,AP-HP,0,13,742 - 5101
Hématologie - Oncologie - Hépato-gastroentérologie,Hépato-gastro-entérologie,AP-HP,0,18,16 - 1405
Hématologie - Oncologie - Hépato-gastroentérologie,Hématologie,AP-HP,0,7,137 - 1337
Hématologie - Oncologie - Hépato-gastroentérologie,Oncologie,AP-HP,0,18,67 - 2589
Pédiatrie,Pédiatrie,AP-HP,0,89,274 - 4056
Médecine cardiovasculaire - Médecine vasculaire - Pneumologie - Néphrologie,Médecine vasculaire,AP-HP,0,6,1940 - 2767
Médecine cardiovasculaire - Médecine vasculaire - Pneumologie - Néphrologie,Médecine cardiovasculaire,AP-HP,0,29,4 - 1179
Médecine cardiovasculaire - Médecine vasculaire - Pneumologie - Néphrologie,Néphrologie,AP-HP,0,10,34 - 1012
Médecine cardiovasculaire - Médecine vasculaire - Pneumologie - Néphrologie,Pneumologie,AP-HP,0,16,728 - 2448
Médecine générale,Médecine générale,AP-HP,0,466,141 - 7028
Chirurgie 1,Neurochirurgie,NANCY,0,1,2827
Chirurgie 1,Oto-rhino-laryngologie - chirurgie cervico-faciale,NANCY,0,3,609 - 2171
Chirurgie 1,Ophtalmologie,NANCY,0,5,137 - 1079
Chirurgie 1,"Chirurgie plastique, reconstructrice et esthétique",NANCY,0,0,
Chirurgie 1,Chirurgie maxillo-faciale,NANCY,0,1,2393
Chirurgie 1,Chirurgie orale,NANCY,0,0,
Chirurgie 2,Urologie,NANCY,0,2,2578 - 2879
Chirurgie 2,Gynécologie obstétrique,NANCY,0,7,2032 - 3418
Chirurgie 2,Chirurgie viscérale et digestive,NANCY,0,2,3776 - 3801
Chirurgie 2,Chirurgie vasculaire,NANCY,0,1,3349
Chirurgie 2,Chirurgie thoracique et cardiovasculaire,NANCY,0,1,3835
Chirurgie 2,Chirurgie pédiatrique,NANCY,0,1,3828
Chirurgie 2,Chirurgie orthopédique et traumatologique,NANCY,0,5,211 - 2617
Médecine de l'aigu,Médecine d’urgence,NANCY,0,12,3238 - 5931
Médecine de l'aigu,Médecine intensive-réanimation,NANCY,0,3,2879 - 3136
Médecine de l'aigu,Anesthésie-réanimation,NANCY,0,15,80 - 2489
Médecine d'investigation 1,Anatomie et cytologie pathologiques,NANCY,0,2,3580 - 3581
Médecine d'investigation 1,Radiologie et imagerie médicale,NANCY,0,10,1590 - 3203
Médecine d'investigation 1,Médecine nucléaire,NANCY,0,1,1212
Médecine d'investigation 2,Génétique médicale,NANCY,0,1,4887
Médecine d'investigation 2,Biologie médicale,NANCY,0,2,5273 - 5647
Santé publique - Santé au travail - Médecine légale,Médecine et santé au travail,NANCY,2,3,5878 - 7784
Santé publique - Santé au travail - Médecine légale,Médecine légale et expertises médicales,NANCY,0,1,4484
Santé publique - Santé au travail - Médecine légale,Santé publique,NANCY,3,0,
Endocrinologie - Diabétologie - Nutrition - Gynécologie médicale,Gynécologie médicale,NANCY,0,3,1267 - 2408
Endocrinologie - Diabétologie - Nutrition - Gynécologie médicale,Endocrinologie-diabétologie-nutrition,NANCY,0,5,3497 - 4267
Spécialités médicales transversales,Médecine interne et immunologie clinique,NANCY,0,4,3947 - 4851
Spécialités médicales transversales,Maladies infectieuses et tropicales,NANCY,0,2,3193 - 3278
Spécialités médicales transversales,Gériatrie,NANCY,3,1,6240
Spécialités médicales transversales,Dermatologie et vénéréologie,NANCY,0,4,350 - 1212
Spécialités médicales transversales,Allergologie,NANCY,0,1,4818
Spécialités médicales transversales,Rhumatologie,NANCY,0,3,3796 - 4021
Psychiatrie - Neurologie - Médecine Physique et Réadaptation,Neurologie,NANCY,0,5,2357 - 3604
Psychiatrie - Neurologie - Médecine Physique et Réadaptation,Psychiatrie,NANCY,3,13,2863 - 7803
Psychiatrie - Neurologie - Médecine Physique et Réadaptation,Médecine physique et de réadaptation,NANCY,0,4,5037 - 6236
Hématologie - Oncologie - Hépato-gastroentérologie,Hépato-gastro-entérologie,NANCY,0,5,440 - 3259
Hématologie - Oncologie - Hépato-gastroentérologie,Hématologie,NANCY,0,2,3735 - 4474
Hématologie - Oncologie - Hépato-gastroentérologie,Oncologie,NANCY,0,4,484 - 2433
Pédiatrie,Pédiatrie,NANCY,0,13,3221 - 4972
Médecine cardiovasculaire - Médecine vasculaire - Pneumologie - Néphrologie,Médecine vasculaire,NANCY,0,2,3603 - 3604
Médecine cardiovasculaire - Médecine vasculaire - Pneumologie - Néphrologie,Médecine cardiovasculaire,NANCY,0,6,761 - 2010
Médecine cardiovasculaire - Médecine vasculaire - Pneumologie - Néphrologie,Néphrologie,NANCY,0,3,317 - 1712
Médecine cardiovasculaire - Médecine vasculaire - Pneumologie - Néphrologie,Pneumologie,NANCY,0,6,2057 - 3459
Médecine générale,Médecine générale,NANCY,0,103,173 - 7580
Chirurgie 1,Neurochirurgie,BESANCON,0,1,3331
Chirurgie 1,Oto-rhino-laryngologie - chirurgie cervico-faciale,BESANCON,0,1,2407
Chirurgie 1,Ophtalmologie,BESANCON,0,3,1103 - 1364
Chirurgie 1,"Chirurgie plastique, reconstructrice et esthétique",BESANCON,0,0,
Chirurgie 1,Chirurgie maxillo-faciale,BESANCON,0,1,1787
Chirurgie 1,Chirurgie orale,BESANCON,0,1,2961
Chirurgie 2,Urologie,BESANCON,0,1,432
Chirurgie 2,Gynécologie obstétrique,BESANCON,0,5,2112 - 3499
Chirurgie 2,Chirurgie viscérale et digestive,BESANCON,0,2,3569 - 3726
Chirurgie 2,Chirurgie vasculaire,BESANCON,0,1,2987
Chirurgie 2,Chirurgie thoracique et cardiovasculaire,BESANCON,0,0,
Chirurgie 2,Chirurgie pédiatrique,BESANCON,0,1,3720
Chirurgie 2,Chirurgie orthopédique et traumatologique,BESANCON,0,3,2346 - 2857
Médecine de l'aigu,Médecine d’urgence,BESANCON,0,10,4559 - 5892
Médecine de l'aigu,Médecine intensive-réanimation,BESANCON,0,2,2998 - 3053
Médecine de l'aigu,Anesthésie-réanimation,BESANCON,0,11,94 - 2488
Médecine d'investigation 1,Anatomie et cytologie pathologiques,BESANCON,0,1,3839
Médecine d'investigation 1,Radiologie et imagerie médicale,BESANCON,0,5,374 - 2947
Médecine d'investigation 1,Médecine nucléaire,BESANCON,0,1,2094
Médecine d'investigation 2,Génétique médicale,BESANCON,0,0,
Médecine d'investigation 2,Biologie médicale,BESANCON,2,0,
Santé publique - Santé au travail - Médecine légale,Médecine et santé au travail,BESANCON,2,0,
Santé publique - Santé au travail - Médecine légale,Médecine légale et expertises médicales,BESANCON,0,0,
Santé publique - Santé au travail - Médecine légale,Santé publique,BESANCON,1,0,
Endocrinologie - Diabétologie - Nutrition - Gynécologie médicale,Gynécologie médicale,BESANCON,0,1,2615
Endocrinologie - Diabétologie - Nutrition - Gynécologie médicale,Endocrinologie-diabétologie-nutrition,BESANCON,0,1,5116
Spécialités médicales transversales,Médecine interne et immunologie clinique,BESANCON,0,2,4499 - 4501
Spécialités médicales transversales,Maladies infectieuses et tropicales,BESANCON,0,1,718
Spécialités médicales transversales,Gériatrie,BESANCON,2,3,7098 - 7812
Spécialités médicales transversales,Dermatologie et vénéréologie,BESANCON,0,2,411 - 585
Spécialités médicales transversales,Allergologie,BESANCON,0,1,5961
Spécialités médicales transversales,Rhumatologie,BESANCON,0,2,3066 - 3132
Psychiatrie - Neurologie - Médecine Physique et Réadaptation,Neurologie,BESANCON,0,4,1833 - 4011
Psychiatrie - Neurologie - Médecine Physique et Réadaptation,Psychiatrie,BESANCON,9,2,7507 - 7788
Psychiatrie - Neurologie - Médecine Physique et Réadaptation,Médecine physique et de réadaptation,BESANCON,0,1,5962
Hématologie - Oncologie - Hépato-gastroentérologie,Hépato-gastro-entérologie,BESANCON,0,4,2672 - 3084
Hématologie - Oncologie - Hépato-gastroentérologie,Hématologie,BESANCON,0,1,4432
Hématologie - Oncologie - Hépato-gastroentérologie,Oncologie,BESANCON,0,3,2931 - 3234
Pédiatrie,Pédiatrie,BESANCON,0,7,2723 - 5036
Médecine cardiovasculaire - Médecine vasculaire - Pneumologie - Néphrologie,Médecine vasculaire,BESANCON,0,1,3482
Médecine cardiovasculaire - Médecine vasculaire - Pneumologie - Néphrologie,Médecine cardiovasculaire,BESANCON,0,4,323 - 2324
Médecine cardiovasculaire - Médecine vasculaire - Pneumologie - Néphrologie,Néphrologie,BESANCON,0,2,2197 - 2508
Médecine cardiovasculaire - Médecine vasculaire - Pneumologie - Néphrologie,Pneumologie,BESANCON,0,4,1959 - 3568
Médecine générale,Médecine générale,BESANCON,0,67,186 - 7225
Chirurgie 1,Neurochirurgie,DIJON,0,1,2766
Chirurgie 1,Oto-rhino-laryngologie - chirurgie cervico-faciale,DIJON,0,2,1599 - 1887
Chirurgie 1,Ophtalmologie,DIJON,0,3,941 - 1327
Chirurgie 1,"Chirurgie plastique, reconstructrice et esthétique",DIJON,0,1,855
Chirurgie 1,Chirurgie maxillo-faciale,DIJON,0,1,1555
Chirurgie 1,Chirurgie orale,DIJON,0,1,3104
Chirurgie 2,Urologie,DIJON,0,2,2596 - 2695
Chirurgie 2,Gynécologie obstétrique,DIJON,0,6,86 - 3287
Chirurgie 2,Chirurgie viscérale et digestive,DIJON,0,2,1006 - 3024
Chirurgie 2,Chirurgie vasculaire,DIJON,0,1,3433
Chirurgie 2,Chirurgie thoracique et cardiovasculaire,DIJON,0,1,3817
Chirurgie 2,Chirurgie pédiatrique,DIJON,0,1,3613
Chirurgie 2,Chirurgie orthopédique et traumatologique,DIJON,0,3,1567 - 2738
Médecine de l'aigu,Médecine d’urgence,DIJON,0,13,5299 - 6232
Médecine de l'aigu,Médecine intensive-réanimation,DIJON,0,3,3244 - 3553
Médecine de l'aigu,Anesthésie-réanimation,DIJON,0,12,568 - 2315
Médecine d'investigation 1,Anatomie et cytologie pathologiques,DIJON,0,2,5005 - 5444
Médecine d'investigation 1,Radiologie et imagerie médicale,DIJON,0,5,2372 - 2875
Médecine d'investigation 1,Médecine nucléaire,DIJON,0,1,2374
Médecine d'investigation 2,Génétique médicale,DIJON,0,1,250
Médecine d'investigation 2,Biologie médicale,DIJON,0,3,6221 - 6343
Santé publique - Santé au travail - Médecine légale,Médecine et santé au travail,DIJON,1,0,
Santé publique - Santé au travail - Médecine légale,Médecine légale et expertises médicales,DIJON,0,1,6386
Santé publique - Santé au travail - Médecine légale,Santé publique,DIJON,1,1,5369
Endocrinologie - Diabétologie - Nutrition - Gynécologie médicale,Gynécologie médicale,DIJON,0,1,1064
Endocrinologie - Diabétologie - Nutrition - Gynécologie médicale,Endocrinologie-diabétologie-nutrition,DIJON,0,3,1825 - 4396
Spécialités médicales transversales,Médecine interne et immunologie clinique,DIJON,0,3,1504 - 4383
Spécialités médicales transversales,Maladies infectieuses et tropicales,DIJON,0,2,347 - 2607
Spécialités médicales transversales,Gériatrie,DIJON,3,2,2228 - 7336
Spécialités médicales transversales,Dermatologie et vénéréologie,DIJON,0,3,866 - 961
Spécialités médicales transversales,Allergologie,DIJON,0,1,4955
Spécialités médicales transversales,Rhumatologie,DIJON,0,2,2900 - 3219
Psychiatrie - Neurologie - Médecine Physique et Réadaptation,Neurologie,DIJON,0,4,2109 - 3042
Psychiatrie - Neurologie - Médecine Physique et Réadaptation,Psychiatrie,DIJON,9,5,3502 - 7748
Psychiatrie - Neurologie - Médecine Physique et Réadaptation,Médecine physique et de réadaptation,DIJON,0,2,5919 - 6399
Hématologie - Oncologie - Hépato-gastroentérologie,Hépato-gastro-entérologie,DIJON,0,4,1871 - 2612
Hématologie - Oncologie - Hépato-gastroentérologie,Hématologie,DIJON,0,2,2977 - 3982
Hématologie - Oncologie - Hépato-gastroentérologie,Oncologie,DIJON,0,3,2177 - 2793
Pédiatrie,Pédiatrie,DIJON,0,9,2354 - 4477
Médecine cardiovasculaire - Médecine vasculaire - Pneumologie - Néphrologie,Médecine vasculaire,DIJON,0,1,2117
Médecine cardiovasculaire - Médecine vasculaire - Pneumologie - Néphrologie,Médecine cardiovasculaire,DIJON,0,4,531 - 1603
Médecine cardiovasculaire - Médecine vasculaire - Pneumologie - Néphrologie,Néphrologie,DIJON,0,2,525 - 2543
Médecine cardiovasculaire - Médecine vasculaire - Pneumologie - Néphrologie,Pneumologie,DIJON,0,3,1607 - 3271
Médecine générale,Médecine générale,DIJON,0,82,1414 - 7552
Chirurgie 1,Neurochirurgie,REIMS,0,0,
Chirurgie 1,Oto-rhino-laryngologie - chirurgie cervico-faciale,REIMS,0,2,1613 - 1622
Chirurgie 1,Ophtalmologie,REIMS,0,3,571 - 1076
Chirurgie 1,"Chirurgie plastique, reconstructrice et esthétique",REIMS,0,1,1166
Chirurgie 1,Chirurgie maxillo-faciale,REIMS,0,0,
Chirurgie 1,Chirurgie orale,REIMS,0,0,
Chirurgie 2,Urologie,REIMS,0,1,2628
Chirurgie 2,Gynécologie obstétrique,REIMS,0,4,2607 - 3321
Chirurgie 2,Chirurgie viscérale et digestive,REIMS,0,2,3350 - 3605
Chirurgie 2,Chirurgie vasculaire,REIMS,0,1,2747
Chirurgie 2,Chirurgie thoracique et cardiovasculaire,REIMS,0,0,
Chirurgie 2,Chirurgie pédiatrique,REIMS,0,1,2310
Chirurgie 2,Chirurgie orthopédique et traumatologique,REIMS,0,2,1595 - 2699
Médecine de l'aigu,Médecine d’urgence,REIMS,0,12,4608 - 6193
Médecine de l'aigu,Médecine intensive-réanimation,REIMS,0,4,3296 - 3477
Médecine de l'aigu,Anesthésie-réanimation,REIMS,0,13,424 - 2033
Médecine d'investigation 1,Anatomie et cytologie pathologiques,REIMS,0,2,3802 - 4240
Médecine d'investigation 1,Radiologie et imagerie médicale,REIMS,0,7,1581 - 2709
Médecine d'investigation 1,Médecine nucléaire,REIMS,0,1,2535
Médecine d'investigation 2,Génétique médicale,REIMS,0,1,6207
Médecine d'investigation 2,Biologie médicale,REIMS,2,1,7354
Santé publique - Santé au travail - Médecine légale,Médecine et santé au travail,REIMS,1,1,7582
Santé publique - Santé au travail - Médecine légale,Médecine légale et expertises médicales,REIMS,0,0,
Santé publique - Santé au travail - Médecine légale,Santé publique,REIMS,2,0,
Endocrinologie - Diabétologie - Nutrition - Gynécologie médicale,Gynécologie médicale,REIMS,0,2,2916 - 3467
Endocrinologie - Diabétologie - Nutrition - Gynécologie médicale,Endocrinologie-diabétologie-nutrition,REIMS,0,3,3440 - 4447
Spécialités médicales transversales,Médecine interne et immunologie clinique,REIMS,0,3,3908 - 4872
Spécialités médicales transversales,Maladies infectieuses et tropicales,REIMS,0,1,2947
Spécialités médicales transversales,Gériatrie,REIMS,3,1,603
Spécialités médicales transversales,Dermatologie et vénéréologie,REIMS,0,0,
Spécialités médicales transversales,Allergologie,REIMS,0,1,5301
Spécialités médicales transversales,Rhumatologie,REIMS,0,2,1461 - 2387
Psychiatrie - Neurologie - Médecine Physique et Réadaptation,Neurologie,REIMS,0,4,2710 - 3732
Psychiatrie - Neurologie - Médecine Physique et Réadaptation,Psychiatrie,REIMS,5,4,6630 - 7399
Psychiatrie - Neurologie - Médecine Physique et Réadaptation,Médecine physique et de réadaptation,REIMS,0,4,5559 - 6347
Hématologie - Oncologie - Hépato-gastroentérologie,Hépato-gastro-entérologie,REIMS,0,3,1407 - 3207
Hématologie - Oncologie - Hépato-gastroentérologie,Hématologie,REIMS,0,1,4002
Hématologie - Oncologie - Hépato-gastroentérologie,Oncologie,REIMS,0,3,123 - 3286
Pédiatrie,Pédiatrie,REIMS,0,12,4439 - 5061
Médecine cardiovasculaire - Médecine vasculaire - Pneumologie - Néphrologie,Médecine vasculaire,REIMS,0,0,
Médecine cardiovasculaire - Médecine vasculaire - Pneumologie - Néphrologie,Médecine cardiovasculaire,REIMS,0,4,1610 - 2479
Médecine cardiovasculaire - Médecine vasculaire - Pneumologie - Néphrologie,Néphrologie,REIMS,0,3,3613 - 3873
Médecine cardiovasculaire - Médecine vasculaire - Pneumologie - Néphrologie,Pneumologie,REIMS,0,4,2282 - 3649
Médecine générale,Médecine générale,REIMS,0,59,1532 - 7681
Chirurgie 1,Neurochirurgie,STRASBOURG,0,1,790
Chirurgie 1,Oto-rhino-laryngologie - chirurgie cervico-faciale,STRASBOURG,0,2,1168 - 1465
Chirurgie 1,Ophtalmologie,STRASBOURG,0,4,862 - 1050
Chirurgie 1,"Chirurgie plastique, reconstructrice et esthétique",STRASBOURG,0,0,
Chirurgie 1,Chirurgie maxillo-faciale,STRASBOURG,0,1,1056
Chirurgie 1,Chirurgie orale,STRASBOURG,0,1,3223
Chirurgie 2,Urologie,STRASBOURG,0,2,2376 - 2547
Chirurgie 2,Gynécologie obstétrique,STRASBOURG,0,9,2730 - 3174
Chirurgie 2,Chirurgie viscérale et digestive,STRASBOURG,0,3,2004 - 2952
Chirurgie 2,Chirurgie vasculaire,STRASBOURG,0,1,2840
Chirurgie 2,Chirurgie thoracique et cardiovasculaire,STRASBOURG,0,1,3821
Chirurgie 2,Chirurgie pédiatrique,STRASBOURG,0,0,
Chirurgie 2,Chirurgie orthopédique et traumatologique,STRASBOURG,0,3,1778 - 2164
Médecine de l'aigu,Médecine d’urgence,STRASBOURG,0,10,1479 - 5511
Médecine de l'aigu,Médecine intensive-réanimation,STRASBOURG,0,3,2329 - 2757
Médecine de l'aigu,Anesthésie-réanimation,STRASBOURG,0,14,383 - 1770
Médecine d'investigation 1,Anatomie et cytologie pathologiques,STRASBOURG,0,1,3361
Médecine d'investigation 1,Radiologie et imagerie médicale,STRASBOURG,0,8,1256 - 2500
Médecine d'investigation 1,Médecine nucléaire,STRASBOURG,0,1,1426
Médecine d'investigation 2,Génétique médicale,STRASBOURG,0,1,3358
Médecine d'investigation 2,Biologie médicale,STRASBOURG,0,3,6177 - 7553
Santé publique - Santé au travail - Médecine légale,Médecine et santé au travail,STRASBOURG,0,3,2199 - 6549
Santé publique - Santé au travail - Médecine légale,Médecine légale et expertises médicales,STRASBOURG,0,1,4203
Santé publique - Santé au travail - Médecine légale,Santé publique,STRASBOURG,2,0,
Endocrinologie - Diabétologie - Nutrition - Gynécologie médicale,Gynécologie médicale,STRASBOURG,0,1,3286
Endocrinologie - Diabétologie - Nutrition - Gynécologie médicale,Endocrinologie-diabétologie-nutrition,STRASBOURG,0,3,2222 - 4293
Spécialités médicales transversales,Médecine interne et immunologie clinique,STRASBOURG,0,4,2355 - 3795
Spécialités médicales transversales,Maladies infectieuses et tropicales,STRASBOURG,0,1,67
Spécialités médicales transversales,Gériatrie,STRASBOURG,0,4,2538 - 5816
Spécialités médicales transversales,Dermatologie et vénéréologie,STRASBOURG,0,3,613 - 667
Spécialités médicales transversales,Allergologie,STRASBOURG,0,1,4599
Spécialités médicales transversales,Rhumatologie,STRASBOURG,0,3,676 - 2889
Psychiatrie - Neurologie - Médecine Physique et Réadaptation,Neurologie,STRASBOURG,0,4,947 - 1408
Psychiatrie - Neurologie - Médecine Physique et Réadaptation,Psychiatrie,STRASBOURG,6,10,4622 - 7743
Psychiatrie - Neurologie - Médecine Physique et Réadaptation,Médecine physique et de réadaptation,STRASBOURG,0,3,229 - 3528
Hématologie - Oncologie - Hépato-gastroentérologie,Hépato-gastro-entérologie,STRASBOURG,0,4,451 - 2198
Hématologie - Oncologie - Hépato-gastroentérologie,Hématologie,STRASBOURG,0,1,2650
Hématologie - Oncologie - Hépato-gastroentérologie,Oncologie,STRASBOURG,0,4,679 - 2447
Pédiatrie,Pédiatrie,STRASBOURG,0,10,2779 - 4676
Médecine cardiovasculaire - Médecine vasculaire - Pneumologie - Néphrologie,Médecine vasculaire,STRASBOURG,0,1,2870
Médecine cardiovasculaire - Médecine vasculaire - Pneumologie - Néphrologie,Médecine cardiovasculaire,STRASBOURG,0,5,244 - 1657
Médecine cardiovasculaire - Médecine vasculaire - Pneumologie - Néphrologie,Néphrologie,STRASBOURG,0,2,168 - 297
Médecine cardiovasculaire - Médecine vasculaire - Pneumologie - Néphrologie,Pneumologie,STRASBOURG,0,4,2122 - 3167
Médecine générale,Médecine générale,STRASBOURG,0,92,943 - 6496
Chirurgie 1,Neurochirurgie,LILLE,0,1,562
Chirurgie 1,Oto-rhino-laryngologie - chirurgie cervico-faciale,LILLE,0,5,28 - 983
Chirurgie 1,Ophtalmologie,LILLE,0,8,77 - 1023
Chirurgie 1,"Chirurgie plastique, reconstructrice et esthétique",LILLE,0,1,226
Chirurgie 1,Chirurgie maxillo-faciale,LILLE,0,1,651
Chirurgie 1,Chirurgie orale,LILLE,0,0,
Chirurgie 2,Urologie,LILLE,0,3,1938 - 2243
Chirurgie 2,Gynécologie obstétrique,LILLE,0,13,1193 - 2669
Chirurgie 2,Chirurgie viscérale et digestive,LILLE,0,6,1294 - 2386
Chirurgie 2,Chirurgie vasculaire,LILLE,0,1,1974
Chirurgie 2,Chirurgie thoracique et cardiovasculaire,LILLE,0,2,2856 - 3300
Chirurgie 2,Chirurgie pédiatrique,LILLE,0,2,2602 - 3585
Chirurgie 2,Chirurgie orthopédique et traumatologique,LILLE,0,8,988 - 2033
Médecine de l'aigu,Médecine d’urgence,LILLE,0,20,1272 - 5802
Médecine de l'aigu,Médecine intensive-réanimation,LILLE,0,6,2427 - 2766
Médecine de l'aigu,Anesthésie-réanimation,LILLE,0,26,199 - 1427
Médecine d'investigation 1,Anatomie et cytologie pathologiques,LILLE,0,3,3880 - 4882
Médecine d'investigation 1,Radiologie et imagerie médicale,LILLE,0,17,237 - 2313
Médecine d'investigation 1,Médecine nucléaire,LILLE,0,1,2139
Médecine d'investigation 2,Génétique médicale,LILLE,0,0,
Médecine d'investigation 2,Biologie médicale,LILLE,2,4,4454 - 7578
Santé publique - Santé au travail - Médecine légale,Médecine et santé au travail,LILLE,2,4,5352 - 7753
Santé publique - Santé au travail - Médecine légale,Médecine légale et expertises médicales,LILLE,0,1,4477
Santé publique - Santé au travail - Médecine légale,Santé publique,LILLE,4,0,
Endocrinologie - Diabétologie - Nutrition - Gynécologie médicale,Gynécologie médicale,LILLE,0,7,341 - 1868
Endocrinologie - Diabétologie - Nutrition - Gynécologie médicale,Endocrinologie-diabétologie-nutrition,LILLE,0,6,387 - 3613
Spécialités médicales transversales,Médecine interne et immunologie clinique,LILLE,0,5,40 - 4205
Spécialités médicales transversales,Maladies infectieuses et tropicales,LILLE,0,2,1482 - 1582
Spécialités médicales transversales,Gériatrie,LILLE,0,12,3686 - 7744
Spécialités médicales transversales,Dermatologie et vénéréologie,LILLE,0,6,19 - 648
Spécialités médicales transversales,Allergologie,LILLE,0,1,4408
Spécialités médicales transversales,Rhumatologie,LILLE,0,4,1877 - 2922
Psychiatrie - Neurologie - Médecine Physique et Réadaptation,Neurologie,LILLE,0,6,673 - 1651
Psychiatrie - Neurologie - Médecine Physique et Réadaptation,Psychiatrie,LILLE,2,32,816 - 7761
Psychiatrie - Neurologie - Médecine Physique et Réadaptation,Médecine physique et de réadaptation,LILLE,0,6,4616 - 5448
Hématologie - Oncologie - Hépato-gastroentérologie,Hépato-gastro-entérologie,LILLE,0,7,776 - 2307
Hématologie - Oncologie - Hépato-gastroentérologie,Hématologie,LILLE,0,3,1056 - 2380
Hématologie - Oncologie - Hépato-gastroentérologie,Oncologie,LILLE,0,7,23 - 2689
Pédiatrie,Pédiatrie,LILLE,0,18,148 - 3891
Médecine cardiovasculaire - Médecine vasculaire - Pneumologie - Néphrologie,Médecine vasculaire,LILLE,0,1,1831
Médecine cardiovasculaire - Médecine vasculaire - Pneumologie - Néphrologie,Médecine cardiovasculaire,LILLE,0,10,126 - 1345
Médecine cardiovasculaire - Médecine vasculaire - Pneumologie - Néphrologie,Néphrologie,LILLE,0,3,257 - 1995
Médecine cardiovasculaire - Médecine vasculaire - Pneumologie - Néphrologie,Pneumologie,LILLE,0,7,511 - 2822
Médecine générale,Médecine générale,LILLE,0,171,405 - 7044
Chirurgie 1,Neurochirurgie,AMIENS,0,1,3488
Chirurgie 1,Oto-rhino-laryngologie - chirurgie cervico-faciale,AMIENS,0,2,1252 - 1905
Chirurgie 1,Ophtalmologie,AMIENS,0,3,179 - 810
Chirurgie 1,"Chirurgie plastique, reconstructrice et esthétique",AMIENS,0,0,
Chirurgie 1,Chirurgie maxillo-faciale,AMIENS,0,1,2092
Chirurgie 1,Chirurgie orale,AMIENS,0,0,
Chirurgie 2,Urologie,AMIENS,0,2,3039 - 3128
Chirurgie 2,Gynécologie obstétrique,AMIENS,0,5,2297 - 3477
Chirurgie 2,Chirurgie viscérale et digestive,AMIENS,0,2,2508 - 2828
Chirurgie 2,Chirurgie vasculaire,AMIENS,0,1,3133
Chirurgie 2,Chirurgie thoracique et cardiovasculaire,AMIENS,0,0,
Chirurgie 2,Chirurgie pédiatrique,AMIENS,0,1,3912
Chirurgie 2,Chirurgie orthopédique et traumatologique,AMIENS,0,2,1737 - 2281
Médecine de l'aigu,Médecine d’urgence,AMIENS,0,13,5226 - 6288
Médecine de l'aigu,Médecine intensive-réanimation,AMIENS,0,4,2963 - 3504
Médecine de l'aigu,Anesthésie-réanimation,AMIENS,0,11,314 - 2414
Médecine d'investigation 1,Anatomie et cytologie pathologiques,AMIENS,0,2,4581 - 4701
Médecine d'investigation 1,Radiologie et imagerie médicale,AMIENS,0,8,2033 - 3154
Médecine d'investigation 1,Médecine nucléaire,AMIENS,0,1,2966
Médecine d'investigation 2,Génétique médicale,AMIENS,0,1,4351
Médecine d'investigation 2,Biologie médicale,AMIENS,0,2,3246 - 7813
Santé publique - Santé au travail - Médecine légale,Médecine et santé au travail,AMIENS,0,1,7801
Santé publique - Santé au travail - Médecine légale,Médecine légale et expertises médicales,AMIENS,0,1,7018
Santé publique - Santé au travail - Médecine légale,Santé publique,AMIENS,2,0,
Endocrinologie - Diabétologie - Nutrition - Gynécologie médicale,Gynécologie médicale,AMIENS,0,2,2609 - 2965
Endocrinologie - Diabétologie - Nutrition - Gynécologie médicale,Endocrinologie-diabétologie-nutrition,AMIENS,0,2,4384 - 4859
Spécialités médicales transversales,Médecine interne et immunologie clinique,AMIENS,0,2,4877 - 5339
Spécialités médicales transversales,Maladies infectieuses et tropicales,AMIENS,0,2,3410 - 3416
Spécialités médicales transversales,Gériatrie,AMIENS,1,3,7371 - 7713
Spécialités médicales transversales,Dermatologie et vénéréologie,AMIENS,0,2,293 - 1050
Spécialités médicales transversales,Allergologie,AMIENS,0,0,
Spécialités médicales transversales,Rhumatologie,AMIENS,0,2,754 - 3389
Psychiatrie - Neurologie - Médecine Physique et Réadaptation,Neurologie,AMIENS,0,4,3572 - 3967
Psychiatrie - Neurologie - Médecine Physique et Réadaptation,Psychiatrie,AMIENS,8,3,5590 - 7763
Psychiatrie - Neurologie - Médecine Physique et Réadaptation,Médecine physique et de réadaptation,AMIENS,0,2,5810 - 6382
Hématologie - Oncologie - Hépato-gastroentérologie,Hépato-gastro-entérologie,AMIENS,0,5,1025 - 3062
Hématologie - Oncologie - Hépato-gastroentérologie,Hématologie,AMIENS,0,1,3248
Hématologie - Oncologie - Hépato-gastroentérologie,Oncologie,AMIENS,0,3,2070 - 3424
Pédiatrie,Pédiatrie,AMIENS,0,11,4121 - 4869
Médecine cardiovasculaire - Médecine vasculaire - Pneumologie - Néphrologie,Médecine vasculaire,AMIENS,0,1,2994
Médecine cardiovasculaire - Médecine vasculaire - Pneumologie - Néphrologie,Médecine cardiovasculaire,AMIENS,0,6,1719 - 2694
Médecine cardiovasculaire - Médecine vasculaire - Pneumologie - Néphrologie,Néphrologie,AMIENS,0,2,1434 - 1522
Médecine cardiovasculaire - Médecine vasculaire - Pneumologie - Néphrologie,Pneumologie,AMIENS,0,3,3544 - 3638
Médecine générale,Médecine générale,AMIENS,0,84,2029 - 7780
Chirurgie 1,Neurochirurgie,CAEN,0,0,
Chirurgie 1,Oto-rhino-laryngologie - chirurgie cervico-faciale,CAEN,0,2,1384 - 1543
Chirurgie 1,Ophtalmologie,CAEN,0,3,568 - 789
Chirurgie 1,"Chirurgie plastique, reconstructrice et esthétique",CAEN,0,0,
Chirurgie 1,Chirurgie maxillo-faciale,CAEN,0,1,924
Chirurgie 1,Chirurgie orale,CAEN,0,0,
Chirurgie 2,Urologie,CAEN,0,1,2980
Chirurgie 2,Gynécologie obstétrique,CAEN,0,5,721 - 2684
Chirurgie 2,Chirurgie viscérale et digestive,CAEN,0,2,1066 - 3599
Chirurgie 2,Chirurgie vasculaire,CAEN,0,1,3044
Chirurgie 2,Chirurgie thoracique et cardiovasculaire,CAEN,0,1,3681
Chirurgie 2,Chirurgie pédiatrique,CAEN,0,1,3576
Chirurgie 2,Chirurgie orthopédique et traumatologique,CAEN,0,3,971 - 2523
Médecine de l'aigu,Médecine d’urgence,CAEN,0,11,3235 - 5996
Médecine de l'aigu,Médecine intensive-réanimation,CAEN,0,2,3208 - 3283
Médecine de l'aigu,Anesthésie-réanimation,CAEN,0,13,963 - 2405
Médecine d'investigation 1,Anatomie et cytologie pathologiques,CAEN,0,2,2017 - 3570
Médecine d'investigation 1,Radiologie et imagerie médicale,CAEN,0,7,2134 - 2995
Médecine d'investigation 1,Médecine nucléaire,CAEN,0,1,2943
Médecine d'investigation 2,Génétique médicale,CAEN,0,1,5108
Médecine d'investigation 2,Biologie médicale,CAEN,1,1,7041
Santé publique - Santé au travail - Médecine légale,Médecine et santé au travail,CAEN,0,2,6442 - 7768
Santé publique - Santé au travail - Médecine légale,Médecine légale et expertises médicales,CAEN,0,0,
Santé publique - Santé au travail - Médecine légale,Santé publique,CAEN,2,0,
Endocrinologie - Diabétologie - Nutrition - Gynécologie médicale,Gynécologie médicale,CAEN,0,2,1851 - 2775
Endocrinologie - Diabétologie - Nutrition - Gynécologie médicale,Endocrinologie-diabétologie-nutrition,CAEN,0,1,3565
Spécialités médicales transversales,Médecine interne et immunologie clinique,CAEN,0,3,4602 - 5199
Spécialités médicales transversales,Maladies infectieuses et tropicales,CAEN,0,1,1683
Spécialités médicales transversales,Gériatrie,CAEN,4,0,
Spécialités médicales transversales,Dermatologie et vénéréologie,CAEN,0,2,221 - 1149
Spécialités médicales transversales,Allergologie,CAEN,0,1,5055
Spécialités médicales transversales,Rhumatologie,CAEN,0,2,3524 - 3607
Psychiatrie - Neurologie - Médecine Physique et Réadaptation,Neurologie,CAEN,0,4,2543 - 3456
Psychiatrie - Neurologie - Médecine Physique et Réadaptation,Psychiatrie,CAEN,7,7,84 - 7758
Psychiatrie - Neurologie - Médecine Physique et Réadaptation,Médecine physique et de réadaptation,CAEN,0,3,5602 - 6057
Hématologie - Oncologie - Hépato-gastroentérologie,Hépato-gastro-entérologie,CAEN,0,4,1210 - 2978
Hématologie - Oncologie - Hépato-gastroentérologie,Hématologie,CAEN,0,1,2045
Hématologie - Oncologie - Hépato-gastroentérologie,Oncologie,CAEN,0,4,408 - 3192
Pédiatrie,Pédiatrie,CAEN,0,11,2856 - 5017
Médecine cardiovasculaire - Médecine vasculaire - Pneumologie - Néphrologie,Médecine vasculaire,CAEN,0,1,3522
Médecine cardiovasculaire - Médecine vasculaire - Pneumologie - Néphrologie,Médecine cardiovasculaire,CAEN,0,5,936 - 2571
Médecine cardiovasculaire - Médecine vasculaire - Pneumologie - Néphrologie,Néphrologie,CAEN,0,2,2438 - 3458
Médecine cardiovasculaire - Médecine vasculaire - Pneumologie - Néphrologie,Pneumologie,CAEN,0,4,751 - 3519
Médecine générale,Médecine générale,CAEN,0,76,521 - 7668
Chirurgie 1,Neurochirurgie,ROUEN,0,1,3467
Chirurgie 1,Oto-rhino-laryngologie - chirurgie cervico-faciale,ROUEN,0,3,486 - 1444
Chirurgie 1,Ophtalmologie,ROUEN,0,3,730 - 1253
Chirurgie 1,"Chirurgie plastique, reconstructrice et esthétique",ROUEN,0,1,576
Chirurgie 1,Chirurgie maxillo-faciale,ROUEN,0,1,1846
Chirurgie 1,Chirurgie orale,ROUEN,0,1,2717
Chirurgie 2,Urologie,ROUEN,0,2,2790 - 2905
Chirurgie 2,Gynécologie obstétrique,ROUEN,0,5,254 - 3306
Chirurgie 2,Chirurgie viscérale et digestive,ROUEN,0,2,3429 - 3753
Chirurgie 2,Chirurgie vasculaire,ROUEN,0,1,2719
Chirurgie 2,Chirurgie thoracique et cardiovasculaire,ROUEN,0,1,3901
Chirurgie 2,Chirurgie pédiatrique,ROUEN,0,1,2564
Chirurgie 2,Chirurgie orthopédique et traumatologique,ROUEN,0,4,1128 - 2241
Médecine de l'aigu,Médecine d’urgence,ROUEN,0,11,2968 - 5543
Médecine de l'aigu,Médecine intensive-réanimation,ROUEN,0,2,2950 - 3186
Médecine de l'aigu,Anesthésie-réanimation,ROUEN,0,13,372 - 2283
Médecine d'investigation 1,Anatomie et cytologie pathologiques,ROUEN,0,2,3480 - 3529
Médecine d'investigation 1,Radiologie et imagerie médicale,ROUEN,0,7,663 - 2981
Médecine d'investigation 1,Médecine nucléaire,ROUEN,0,1,2478
Médecine d'investigation 2,Génétique médicale,ROUEN,0,0,
Médecine d'investigation 2,Biologie médicale,ROUEN,3,1,6821
Santé publique - Santé au travail - Médecine légale,Médecine et santé au travail,ROUEN,3,0,
Santé publique - Santé au travail - Médecine légale,Médecine légale et expertises médicales,ROUEN,0,1,4777
Santé publique - Santé au travail - Médecine légale,Santé publique,ROUEN,4,0,
Endocrinologie - Diabétologie - Nutrition - Gynécologie médicale,Gynécologie médicale,ROUEN,0,2,1897 - 2345
Endocrinologie - Diabétologie - Nutrition - Gynécologie médicale,Endocrinologie-diabétologie-nutrition,ROUEN,0,4,3633 - 4237
Spécialités médicales transversales,Médecine interne et immunologie clinique,ROUEN,0,4,316 - 4888
Spécialités médicales transversales,Maladies infectieuses et tropicales,ROUEN,0,1,2602
Spécialités médicales transversales,Gériatrie,ROUEN,0,4,5895 - 7782
Spécialités médicales transversales,Dermatologie et vénéréologie,ROUEN,0,4,804 - 1097
Spécialités médicales transversales,Allergologie,ROUEN,0,1,2550
Spécialités médicales transversales,Rhumatologie,ROUEN,0,3,1684 - 3167
Psychiatrie - Neurologie - Médecine Physique et Réadaptation,Neurologie,ROUEN,0,4,2648 - 3597
Psychiatrie - Neurologie - Médecine Physique et Réadaptation,Psychiatrie,ROUEN,6,8,4631 - 7801
Psychiatrie - Neurologie - Médecine Physique et Réadaptation,Médecine physique et de réadaptation,ROUEN,0,4,5143 - 6518
Hématologie - Oncologie - Hépato-gastroentérologie,Hépato-gastro-entérologie,ROUEN,0,5,2527 - 2809
Hématologie - Oncologie - Hépato-gastroentérologie,Hématologie,ROUEN,0,2,1681 - 3990
Hématologie - Oncologie - Hépato-gastroentérologie,Oncologie,ROUEN,0,3,1125 - 1780
Pédiatrie,Pédiatrie,ROUEN,0,11,2817 - 4582
Médecine cardiovasculaire - Médecine vasculaire - Pneumologie - Néphrologie,Médecine vasculaire,ROUEN,0,1,3651
Médecine cardiovasculaire - Médecine vasculaire - Pneumologie - Néphrologie,Médecine cardiovasculaire,ROUEN,0,6,166 - 2321
Médecine cardiovasculaire - Médecine vasculaire - Pneumologie - Néphrologie,Néphrologie,ROUEN,0,2,547 - 1153
Médecine cardiovasculaire - Médecine vasculaire - Pneumologie - Néphrologie,Pneumologie,ROUEN,0,5,1108 - 3346
Médecine générale,Médecine générale,ROUEN,0,96,591 - 7657
Chirurgie 1,Neurochirurgie,NANTES,0,1,788
Chirurgie 1,Oto-rhino-laryngologie - chirurgie cervico-faciale,NANTES,0,1,1770
Chirurgie 1,Ophtalmologie,NANTES,0,3,387 - 931
Chirurgie 1,"Chirurgie plastique, reconstructrice et esthétique",NANTES,0,1,439
Chirurgie 1,Chirurgie maxillo-faciale,NANTES,0,1,687
Chirurgie 1,Chirurgie orale,NANTES,0,0,
Chirurgie 2,Urologie,NANTES,0,2,1524 - 1971
Chirurgie 2,Gynécologie obstétrique,NANTES,0,5,1682 - 2740
Chirurgie 2,Chirurgie viscérale et digestive,NANTES,0,2,2256 - 2681
Chirurgie 2,Chirurgie vasculaire,NANTES,0,1,2291
Chirurgie 2,Chirurgie thoracique et cardiovasculaire,NANTES,0,1,3872
Chirurgie 2,Chirurgie pédiatrique,NANTES,0,1,2555
Chirurgie 2,Chirurgie orthopédique et traumatologique,NANTES,0,3,810 - 1592
Médecine de l'aigu,Médecine d’urgence,NANTES,0,13,940 - 5317
Médecine de l'aigu,Médecine intensive-réanimation,NANTES,0,3,642 - 2725
Médecine de l'aigu,Anesthésie-réanimation,NANTES,0,13,1270 - 1838
Médecine d'investigation 1,Anatomie et cytologie pathologiques,NANTES,0,2,4874 - 5153
Médecine d'investigation 1,Radiologie et imagerie médicale,NANTES,0,7,860 - 2526
Médecine d'investigation 1,Médecine nucléaire,NANTES,0,1,1164
Médecine d'investigation 2,Génétique médicale,NANTES,0,1,333
Médecine d'investigation 2,Biologie médicale,NANTES,0,2,7654 - 7807
Santé publique - Santé au travail - Médecine légale,Médecine et santé au travail,NANTES,2,0,
Santé publique - Santé au travail - Médecine légale,Médecine légale et expertises médicales,NANTES,0,0,
Santé publique - Santé au travail - Médecine légale,Santé publique,NANTES,1,0,
Endocrinologie - Diabétologie - Nutrition - Gynécologie médicale,Gynécologie médicale,NANTES,0,2,1518 - 2645
Endocrinologie - Diabétologie - Nutrition - Gynécologie médicale,Endocrinologie-diabétologie-nutrition,NANTES,0,3,3557 - 3907
Spécialités médicales transversales,Médecine interne et immunologie clinique,NANTES,0,3,1725 - 3525
Spécialités médicales transversales,Maladies infectieuses et tropicales,NANTES,0,2,1225 - 1301
Spécialités médicales transversales,Gériatrie,NANTES,5,1,6653
Spécialités médicales transversales,Dermatologie et vénéréologie,NANTES,0,3,297 - 903
Spécialités médicales transversales,Allergologie,NANTES,0,1,1537
Spécialités médicales transversales,Rhumatologie,NANTES,0,2,2319 - 2965
Psychiatrie - Neurologie - Médecine Physique et Réadaptation,Neurologie,NANTES,0,3,2720 - 3290
Psychiatrie - Neurologie - Médecine Physique et Réadaptation,Psychiatrie,NANTES,9,6,740 - 7442
Psychiatrie - Neurologie - Médecine Physique et Réadaptation,Médecine physique et de réadaptation,NANTES,0,3,4315 - 5805
Hématologie - Oncologie - Hépato-gastroentérologie,Hépato-gastro-entérologie,NANTES,0,3,1741 - 1876
Hématologie - Oncologie - Hépato-gastroentérologie,Hématologie,NANTES,0,1,2766
Hématologie - Oncologie - Hépato-gastroentérologie,Oncologie,NANTES,0,3,1 - 1030
Pédiatrie,Pédiatrie,NANTES,0,9,144 - 3783
Médecine cardiovasculaire - Médecine vasculaire - Pneumologie - Néphrologie,Médecine vasculaire,NANTES,0,1,3161
Médecine cardiovasculaire - Médecine vasculaire - Pneumologie - Néphrologie,Médecine cardiovasculaire,NANTES,0,6,193 - 1430
Médecine cardiovasculaire - Médecine vasculaire - Pneumologie - Néphrologie,Néphrologie,NANTES,0,3,152 - 2372
Médecine cardiovasculaire - Médecine vasculaire - Pneumologie - Néphrologie,Pneumologie,NANTES,0,3,41 - 2064
Médecine générale,Médecine générale,NANTES,0,96,1125 - 7161
Chirurgie 1,Neurochirurgie,ANGERS,0,1,1266
Chirurgie 1,Oto-rhino-laryngologie - chirurgie cervico-faciale,ANGERS,0,1,841
Chirurgie 1,Ophtalmologie,ANGERS,0,3,1026 - 1140
Chirurgie 1,"Chirurgie plastique, reconstructrice et esthétique",ANGERS,0,0,
Chirurgie 1,Chirurgie maxillo-faciale,ANGERS,0,1,2031
Chirurgie 1,Chirurgie orale,ANGERS,0,0,
Chirurgie 2,Urologie,ANGERS,0,2,2452 - 2847
Chirurgie 2,Gynécologie obstétrique,ANGERS,0,5,1106 - 3100
Chirurgie 2,Chirurgie viscérale et digestive,ANGERS,0,2,3146 - 3486
Chirurgie 2,Chirurgie vasculaire,ANGERS,0,0,
Chirurgie 2,Chirurgie thoracique et cardiovasculaire,ANGERS,0,0,
Chirurgie 2,Chirurgie pédiatrique,ANGERS,0,0,
Chirurgie 2,Chirurgie orthopédique et traumatologique,ANGERS,0,3,1706 - 2404
Médecine de l'aigu,Médecine d’urgence,ANGERS,0,11,1501 - 4490
Médecine de l'aigu,Médecine intensive-réanimation,ANGERS,0,2,1670 - 2778
Médecine de l'aigu,Anesthésie-réanimation,ANGERS,0,13,277 - 1841
Médecine d'investigation 1,Anatomie et cytologie pathologiques,ANGERS,0,2,4747 - 5024
Médecine d'investigation 1,Radiologie et imagerie médicale,ANGERS,0,6,920 - 2613
Médecine d'investigation 1,Médecine nucléaire,ANGERS,0,1,2494
Médecine d'investigation 2,Génétique médicale,ANGERS,0,0,
Médecine d'investigation 2,Biologie médicale,ANGERS,2,0,
Santé publique - Santé au travail - Médecine légale,Médecine et santé au travail,ANGERS,1,2,6800 - 7619
Santé publique - Santé au travail - Médecine légale,Médecine légale et expertises médicales,ANGERS,0,1,3793
Santé publique - Santé au travail - Médecine légale,Santé publique,ANGERS,0,1,6411
Endocrinologie - Diabétologie - Nutrition - Gynécologie médicale,Gynécologie médicale,ANGERS,0,1,2717
Endocrinologie - Diabétologie - Nutrition - Gynécologie médicale,Endocrinologie-diabétologie-nutrition,ANGERS,0,2,4520 - 4628
Spécialités médicales transversales,Médecine interne et immunologie clinique,ANGERS,0,3,2415 - 2925
Spécialités médicales transversales,Maladies infectieuses et tropicales,ANGERS,0,1,641
Spécialités médicales transversales,Gériatrie,ANGERS,0,3,3558 - 7284
Spécialités médicales transversales,Dermatologie et vénéréologie,ANGERS,0,3,313 - 1072
Spécialités médicales transversales,Allergologie,ANGERS,0,0,
Spécialités médicales transversales,Rhumatologie,ANGERS,0,2,2998 - 3642
Psychiatrie - Neurologie - Médecine Physique et Réadaptation,Neurologie,ANGERS,0,3,3148 - 3443
Psychiatrie - Neurologie - Médecine Physique et Réadaptation,Psychiatrie,ANGERS,10,3,6090 - 7674
Psychiatrie - Neurologie - Médecine Physique et Réadaptation,Médecine physique et de réadaptation,ANGERS,0,2,4609 - 4945
Hématologie - Oncologie - Hépato-gastroentérologie,Hépato-gastro-entérologie,ANGERS,0,3,487 - 2301
Hématologie - Oncologie - Hépato-gastroentérologie,Hématologie,ANGERS,0,2,3178 - 3675
Hématologie - Oncologie - Hépato-gastroentérologie,Oncologie,ANGERS,0,2,2304 - 2791
Pédiatrie,Pédiatrie,ANGERS,0,8,1138 - 4401
Médecine cardiovasculaire - Médecine vasculaire - Pneumologie - Néphrologie,Médecine vasculaire,ANGERS,0,2,2474 - 3106
Médecine cardiovasculaire - Médecine vasculaire - Pneumologie - Néphrologie,Médecine cardiovasculaire,ANGERS,0,5,820 - 2045
Médecine cardiovasculaire - Médecine vasculaire - Pneumologie - Néphrologie,Néphrologie,ANGERS,0,2,725 - 3706
Médecine cardiovasculaire - Médecine vasculaire - Pneumologie - Néphrologie,Pneumologie,ANGERS,0,3,1742 - 2719
Médecine générale,Médecine générale,ANGERS,0,100,206 - 7570
Chirurgie 1,Neurochirurgie,BREST,0,1,567
Chirurgie 1,Oto-rhino-laryngologie - chirurgie cervico-faciale,BREST,0,2,1335 - 2298
Chirurgie 1,Ophtalmologie,BREST,0,3,1063 - 1270
Chirurgie 1,"Chirurgie plastique, reconstructrice et esthétique",BREST,0,1,1153
Chirurgie 1,Chirurgie maxillo-faciale,BREST,0,0,
Chirurgie 1,Chirurgie orale,BREST,0,0,
Chirurgie 2,Urologie,BREST,0,1,2769
Chirurgie 2,Gynécologie obstétrique,BREST,0,3,2052 - 3014
Chirurgie 2,Chirurgie viscérale et digestive,BREST,0,2,2962 - 3293
Chirurgie 2,Chirurgie vasculaire,BREST,0,0,
Chirurgie 2,Chirurgie thoracique et cardiovasculaire,BREST,0,0,
Chirurgie 2,Chirurgie pédiatrique,BREST,0,1,3698
Chirurgie 2,Chirurgie orthopédique et traumatologique,BREST,0,3,1945 - 2211
Médecine de l'aigu,Médecine d’urgence,BREST,0,8,1491 - 4786
Médecine de l'aigu,Médecine intensive-réanimation,BREST,0,2,2351 - 2981
Médecine de l'aigu,Anesthésie-réanimation,BREST,0,8,194 - 1815
Médecine d'investigation 1,Anatomie et cytologie pathologiques,BREST,0,2,4697 - 5488
Médecine d'investigation 1,Radiologie et imagerie médicale,BREST,0,6,1425 - 3145
Médecine d'investigation 1,Médecine nucléaire,BREST,0,1,2427
Médecine d'investigation 2,Génétique médicale,BREST,0,1,6563
Médecine d'investigation 2,Biologie médicale,BREST,1,1,6758
Santé publique - Santé au travail - Médecine légale,Médecine et santé au travail,BREST,0,3,2534 - 5274
Santé publique - Santé au travail - Médecine légale,Médecine légale et expertises médicales,BREST,0,0,
Santé publique - Santé au travail - Médecine légale,Santé publique,BREST,1,0,
Endocrinologie - Diabétologie - Nutrition - Gynécologie médicale,Gynécologie médicale,BREST,0,2,2580 - 2698
Endocrinologie - Diabétologie - Nutrition - Gynécologie médicale,Endocrinologie-diabétologie-nutrition,BREST,0,3,3248 - 4891
Spécialités médicales transversales,Médecine interne et immunologie clinique,BREST,0,2,3413 - 4294
Spécialités médicales transversales,Maladies infectieuses et tropicales,BREST,0,1,1120
Spécialités médicales transversales,Gériatrie,BREST,0,2,7054 - 7410
Spécialités médicales transversales,Dermatologie et vénéréologie,BREST,0,4,1136 - 1198
Spécialités médicales transversales,Allergologie,BREST,0,1,5151
Spécialités médicales transversales,Rhumatologie,BREST,0,2,2329 - 2793
Psychiatrie - Neurologie - Médecine Physique et Réadaptation,Neurologie,BREST,0,3,2118 - 3853
Psychiatrie - Neurologie - Médecine Physique et Réadaptation,Psychiatrie,BREST,2,6,1626 - 7673
Psychiatrie - Neurologie - Médecine Physique et Réadaptation,Médecine physique et de réadaptation,BREST,0,2,856 - 5440
Hématologie - Oncologie - Hépato-gastroentérologie,Hépato-gastro-entérologie,BREST,0,3,1588 - 2855
Hématologie - Oncologie - Hépato-gastroentérologie,Hématologie,BREST,0,1,1323
Hématologie - Oncologie - Hépato-gastroentérologie,Oncologie,BREST,0,3,2580 - 3195
Pédiatrie,Pédiatrie,BREST,0,5,1483 - 3479
Médecine cardiovasculaire - Médecine vasculaire - Pneumologie - Néphrologie,Médecine vasculaire,BREST,0,2,3000 - 3074
Médecine cardiovasculaire - Médecine vasculaire - Pneumologie - Néphrologie,Médecine cardiovasculaire,BREST,0,4,302 - 2273
Médecine cardiovasculaire - Médecine vasculaire - Pneumologie - Néphrologie,Néphrologie,BREST,0,2,3909 - 3938
Médecine cardiovasculaire - Médecine vasculaire - Pneumologie - Néphrologie,Pneumologie,BREST,0,3,600 - 2967
Médecine générale,Médecine générale,BREST,0,84,709 - 7632
Chirurgie 1,Neurochirurgie,POITIERS,0,1,3566
Chirurgie 1,Oto-rhino-laryngologie - chirurgie cervico-faciale,POITIERS,0,2,2001 - 2182
Chirurgie 1,Ophtalmologie,POITIERS,0,3,1226 - 1313
Chirurgie 1,"Chirurgie plastique, reconstructrice et esthétique",POITIERS,0,0,
Chirurgie 1,Chirurgie maxillo-faciale,POITIERS,0,0,
Chirurgie 1,Chirurgie orale,POITIERS,0,0,
Chirurgie 2,Urologie,POITIERS,0,2,2167 - 2792
Chirurgie 2,Gynécologie obstétrique,POITIERS,0,5,2922 - 3439
Chirurgie 2,Chirurgie viscérale et digestive,POITIERS,0,2,3002 - 3458
Chirurgie 2,Chirurgie vasculaire,POITIERS,0,0,
Chirurgie 2,Chirurgie thoracique et cardiovasculaire,POITIERS,0,1,3819
Chirurgie 2,Chirurgie pédiatrique,POITIERS,0,0,
Chirurgie 2,Chirurgie orthopédique et traumatologique,POITIERS,0,4,1658 - 2897
Médecine de l'aigu,Médecine d’urgence,POITIERS,0,14,2668 - 5796
Médecine de l'aigu,Médecine intensive-réanimation,POITIERS,0,3,2679 - 3012
Médecine de l'aigu,Anesthésie-réanimation,POITIERS,0,12,1346 - 2412
Médecine d'investigation 1,Anatomie et cytologie pathologiques,POITIERS,0,1,4023
Médecine d'investigation 1,Radiologie et imagerie médicale,POITIERS,0,6,634 - 2805
Médecine d'investigation 1,Médecine nucléaire,POITIERS,0,1,1877
Médecine d'investigation 2,Génétique médicale,POITIERS,0,0,
Médecine d'investigation 2,Biologie médicale,POITIERS,1,0,
Santé publique - Santé au travail - Médecine légale,Médecine et santé au travail,POITIERS,1,0,
Santé publique - Santé au travail - Médecine légale,Médecine légale et expertises médicales,POITIERS,0,1,4792
Santé publique - Santé au travail - Médecine légale,Santé publique,POITIERS,1,0,
Endocrinologie - Diabétologie - Nutrition - Gynécologie médicale,Gynécologie médicale,POITIERS,0,1,2539
Endocrinologie - Diabétologie - Nutrition - Gynécologie médicale,Endocrinologie-diabétologie-nutrition,POITIERS,0,2,3937 - 4210
Spécialités médicales transversales,Médecine interne et immunologie clinique,POITIERS,0,4,4369 - 5351
Spécialités médicales transversales,Maladies infectieuses et tropicales,POITIERS,0,2,2747 - 2815
Spécialités médicales transversales,Gériatrie,POITIERS,1,2,7110 - 7522
Spécialités médicales transversales,Dermatologie et vénéréologie,POITIERS,0,3,51 - 1015
Spécialités médicales transversales,Allergologie,POITIERS,0,1,4982
Spécialités médicales transversales,Rhumatologie,POITIERS,0,2,3530 - 3682
Psychiatrie - Neurologie - Médecine Physique et Réadaptation,Neurologie,POITIERS,0,4,2875 - 3509
Psychiatrie - Neurologie - Médecine Physique et Réadaptation,Psychiatrie,POITIERS,10,5,6368 - 7717
Psychiatrie - Neurologie - Médecine Physique et Réadaptation,Médecine physique et de réadaptation,POITIERS,0,2,2010 - 5876
Hématologie - Oncologie - Hépato-gastroentérologie,Hépato-gastro-entérologie,POITIERS,0,3,2325 - 3089
Hématologie - Oncologie - Hépato-gastroentérologie,Hématologie,POITIERS,0,2,4175 - 4291
Hématologie - Oncologie - Hépato-gastroentérologie,Oncologie,POITIERS,0,3,702 - 2898
Pédiatrie,Pédiatrie,POITIERS,0,8,2161 - 4697
Médecine cardiovasculaire - Médecine vasculaire - Pneumologie - Néphrologie,Médecine vasculaire,POITIERS,0,1,3455
Médecine cardiovasculaire - Médecine vasculaire - Pneumologie - Néphrologie,Médecine cardiovasculaire,POITIERS,0,5,896 - 2126
Médecine cardiovasculaire - Médecine vasculaire - Pneumologie - Néphrologie,Néphrologie,POITIERS,0,2,2966 - 3844
Médecine cardiovasculaire - Médecine vasculaire - Pneumologie - Néphrologie,Pneumologie,POITIERS,0,3,3296 - 3617
Médecine générale,Médecine générale,POITIERS,0,96,1744 - 7692
Chirurgie 1,Neurochirurgie,RENNES,0,0,
Chirurgie 1,Oto-rhino-laryngologie - chirurgie cervico-faciale,RENNES,0,2,1010 - 1214
Chirurgie 1,Ophtalmologie,RENNES,0,3,333 - 866
Chirurgie 1,"Chirurgie plastique, reconstructrice et esthétique",RENNES,0,0,
Chirurgie 1,Chirurgie maxillo-faciale,RENNES,0,0,
Chirurgie 1,Chirurgie orale,RENNES,0,0,
Chirurgie 2,Urologie,RENNES,0,2,1025 - 1122
Chirurgie 2,Gynécologie obstétrique,RENNES,0,5,88 - 940
Chirurgie 2,Chirurgie viscérale et digestive,RENNES,0,2,803 - 2750
Chirurgie 2,Chirurgie vasculaire,RENNES,0,1,212
Chirurgie 2,Chirurgie thoracique et cardiovasculaire,RENNES,0,1,33
Chirurgie 2,Chirurgie pédiatrique,RENNES,0,1,3527
Chirurgie 2,Chirurgie orthopédique et traumatologique,RENNES,0,3,203 - 1156
Médecine de l'aigu,Médecine d’urgence,RENNES,0,12,2216 - 5185
Médecine de l'aigu,Médecine intensive-réanimation,RENNES,0,2,216 - 879
Médecine de l'aigu,Anesthésie-réanimation,RENNES,0,13,24 - 1508
Médecine d'investigation 1,Anatomie et cytologie pathologiques,RENNES,0,2,4856 - 4981
Médecine d'investigation 1,Radiologie et imagerie médicale,RENNES,0,7,317 - 2457
Médecine d'investigation 1,Médecine nucléaire,RENNES,0,1,2316
Médecine d'investigation 2,Génétique médicale,RENNES,0,0,
Médecine d'investigation 2,Biologie médicale,RENNES,0,3,3094 - 5945
Santé publique - Santé au travail - Médecine légale,Médecine et santé au travail,RENNES,3,1,6292
Santé publique - Santé au travail - Médecine légale,Médecine légale et expertises médicales,RENNES,0,1,2810
Santé publique - Santé au travail - Médecine légale,Santé publique,RENNES,2,0,
Endocrinologie - Diabétologie - Nutrition - Gynécologie médicale,Gynécologie médicale,RENNES,0,2,970 - 1223
Endocrinologie - Diabétologie - Nutrition - Gynécologie médicale,Endocrinologie-diabétologie-nutrition,RENNES,0,2,3645 - 4585
Spécialités médicales transversales,Médecine interne et immunologie clinique,RENNES,0,2,1518 - 2572
Spécialités médicales transversales,Maladies infectieuses et tropicales,RENNES,0,1,17
Spécialités médicales transversales,Gériatrie,RENNES,0,5,4357 - 7364
Spécialités médicales transversales,Dermatologie et vénéréologie,RENNES,0,3,72 - 967
Spécialités médicales transversales,Allergologie,RENNES,0,1,5101
Spécialités médicales transversales,Rhumatologie,RENNES,0,2,1560 - 2327
Psychiatrie - Neurologie - Médecine Physique et Réadaptation,Neurologie,RENNES,0,3,3177 - 3315
Psychiatrie - Neurologie - Médecine Physique et Réadaptation,Psychiatrie,RENNES,2,11,681 - 7668
Psychiatrie - Neurologie - Médecine Physique et Réadaptation,Médecine physique et de réadaptation,RENNES,0,3,3316 - 4545
Hématologie - Oncologie - Hépato-gastroentérologie,Hépato-gastro-entérologie,RENNES,0,3,499 - 1423
Hématologie - Oncologie - Hépato-gastroentérologie,Hématologie,RENNES,0,1,730
Hématologie - Oncologie - Hépato-gastroentérologie,Oncologie,RENNES,0,3,399 - 2398
Pédiatrie,Pédiatrie,RENNES,0,7,2577 - 4442
Médecine cardiovasculaire - Médecine vasculaire - Pneumologie - Néphrologie,Médecine vasculaire,RENNES,0,1,3292
Médecine cardiovasculaire - Médecine vasculaire - Pneumologie - Néphrologie,Médecine cardiovasculaire,RENNES,0,6,704 - 1870
Médecine cardiovasculaire - Médecine vasculaire - Pneumologie - Néphrologie,Néphrologie,RENNES,0,2,2332 - 2395
Médecine cardiovasculaire - Médecine vasculaire - Pneumologie - Néphrologie,Pneumologie,RENNES,0,4,1155 - 2585
Médecine générale,Médecine générale,RENNES,0,92,368 - 7541
Chirurgie 1,Neurochirurgie,TOURS,0,1,1105
Chirurgie 1,Oto-rhino-laryngologie - chirurgie cervico-faciale,TOURS,0,3,1259 - 1645
Chirurgie 1,Ophtalmologie,TOURS,0,4,771 - 1159
Chirurgie 1,"Chirurgie plastique, reconstructrice et esthétique",TOURS,0,0,
Chirurgie 1,Chirurgie maxillo-faciale,TOURS,0,1,1735
Chirurgie 1,Chirurgie orale,TOURS,0,1,3333
Chirurgie 2,Urologie,TOURS,0,3,329 - 2956
Chirurgie 2,Gynécologie obstétrique,TOURS,0,6,2359 - 3164
Chirurgie 2,Chirurgie viscérale et digestive,TOURS,0,5,3278 - 3721
Chirurgie 2,Chirurgie vasculaire,TOURS,0,0,
Chirurgie 2,Chirurgie thoracique et cardiovasculaire,TOURS,0,1,3524
Chirurgie 2,Chirurgie pédiatrique,TOURS,0,1,2993
Chirurgie 2,Chirurgie orthopédique et traumatologique,TOURS,0,6,1534 - 2473
Médecine de l'aigu,Médecine d’urgence,TOURS,0,14,4526 - 6019
Médecine de l'aigu,Médecine intensive-réanimation,TOURS,0,7,2102 - 3107
Médecine de l'aigu,Anesthésie-réanimation,TOURS,0,17,546 - 2227
Médecine d'investigation 1,Anatomie et cytologie pathologiques,TOURS,0,2,4315 - 5206
Médecine d'investigation 1,Radiologie et imagerie médicale,TOURS,0,9,2684 - 3201
Médecine d'investigation 1,Médecine nucléaire,TOURS,0,1,2170
Médecine d'investigation 2,Génétique médicale,TOURS,0,1,3492
Médecine d'investigation 2,Biologie médicale,TOURS,2,0,
Santé publique - Santé au travail - Médecine légale,Médecine et santé au travail,TOURS,0,0,
Santé publique - Santé au travail - Médecine légale,Médecine légale et expertises médicales,TOURS,0,1,2868
Santé publique - Santé au travail - Médecine légale,Santé publique,TOURS,0,1,4841
Endocrinologie - Diabétologie - Nutrition - Gynécologie médicale,Gynécologie médicale,TOURS,0,2,2117 - 3173
Endocrinologie - Diabétologie - Nutrition - Gynécologie médicale,Endocrinologie-diabétologie-nutrition,TOURS,0,2,3651 - 3686
Spécialités médicales transversales,Médecine interne et immunologie clinique,TOURS,0,4,4613 - 4820
Spécialités médicales transversales,Maladies infectieuses et tropicales,TOURS,0,2,2020 - 2326
Spécialités médicales transversales,Gériatrie,TOURS,5,0,
Spécialités médicales transversales,Dermatologie et vénéréologie,TOURS,0,4,498 - 801
Spécialités médicales transversales,Allergologie,TOURS,0,2,4101 - 4766
Spécialités médicales transversales,Rhumatologie,TOURS,0,4,2470 - 3495
Psychiatrie - Neurologie - Médecine Physique et Réadaptation,Neurologie,TOURS,0,4,2144 - 3657
Psychiatrie - Neurologie - Médecine Physique et Réadaptation,Psychiatrie,TOURS,6,7,5591 - 7778
Psychiatrie - Neurologie - Médecine Physique et Réadaptation,Médecine physique et de réadaptation,TOURS,0,3,4181 - 6103
Hématologie - Oncologie - Hépato-gastroentérologie,Hépato-gastro-entérologie,TOURS,0,6,1704 - 2644
Hématologie - Oncologie - Hépato-gastroentérologie,Hématologie,TOURS,0,2,3790 - 3870
Hématologie - Oncologie - Hépato-gastroentérologie,Oncologie,TOURS,0,5,1211 - 3113
Pédiatrie,Pédiatrie,TOURS,0,12,507 - 4791
Médecine cardiovasculaire - Médecine vasculaire - Pneumologie - Néphrologie,Médecine vasculaire,TOURS,0,1,2382
Médecine cardiovasculaire - Médecine vasculaire - Pneumologie - Néphrologie,Médecine cardiovasculaire,TOURS,0,7,246 - 1903
Médecine cardiovasculaire - Médecine vasculaire - Pneumologie - Néphrologie,Néphrologie,TOURS,0,4,2473 - 3331
Médecine cardiovasculaire - Médecine vasculaire - Pneumologie - Néphrologie,Pneumologie,TOURS,0,5,2238 - 3295
Médecine générale,Médecine générale,TOURS,4,107,976 - 7811
Chirurgie 1,Neurochirurgie,MONTPELLIER,0,1,243
Chirurgie 1,Oto-rhino-laryngologie - chirurgie cervico-faciale,MONTPELLIER,0,3,512 - 1202
Chirurgie 1,Ophtalmologie,MONTPELLIER,0,4,185 - 435
Chirurgie 1,"Chirurgie plastique, reconstructrice et esthétique",MONTPELLIER,0,0,
Chirurgie 1,Chirurgie maxillo-faciale,MONTPELLIER,0,1,854
Chirurgie 1,Chirurgie orale,MONTPELLIER,0,1,2815
Chirurgie 2,Urologie,MONTPELLIER,0,2,850 - 1018
Chirurgie 2,Gynécologie obstétrique,MONTPELLIER,0,5,60 - 797
Chirurgie 2,Chirurgie viscérale et digestive,MONTPELLIER,0,3,1930 - 2226
Chirurgie 2,Chirurgie vasculaire,MONTPELLIER,0,1,1979
Chirurgie 2,Chirurgie thoracique et cardiovasculaire,MONTPELLIER,0,1,3268
Chirurgie 2,Chirurgie pédiatrique,MONTPELLIER,0,1,873
Chirurgie 2,Chirurgie orthopédique et traumatologique,MONTPELLIER,0,3,335 - 1538
Médecine de l'aigu,Médecine d’urgence,MONTPELLIER,0,20,524 - 4541
Médecine de l'aigu,Médecine intensive-réanimation,MONTPELLIER,0,3,2626 - 2708
Médecine de l'aigu,Anesthésie-réanimation,MONTPELLIER,0,18,41 - 1015
Médecine d'investigation 1,Anatomie et cytologie pathologiques,MONTPELLIER,0,2,4168 - 4360
Médecine d'investigation 1,Radiologie et imagerie médicale,MONTPELLIER,0,7,432 - 1724
Médecine d'investigation 1,Médecine nucléaire,MONTPELLIER,0,1,1478
Médecine d'investigation 2,Génétique médicale,MONTPELLIER,0,1,1948
Médecine d'investigation 2,Biologie médicale,MONTPELLIER,0,3,2973 - 7387
Santé publique - Santé au travail - Médecine légale,Médecine et santé au travail,MONTPELLIER,0,3,3511 - 5053
Santé publique - Santé au travail - Médecine légale,Médecine légale et expertises médicales,MONTPELLIER,0,1,3844
Santé publique - Santé au travail - Médecine légale,Santé publique,MONTPELLIER,2,0,
Endocrinologie - Diabétologie - Nutrition - Gynécologie médicale,Gynécologie médicale,MONTPELLIER,0,2,1234 - 1425
Endocrinologie - Diabétologie - Nutrition - Gynécologie médicale,Endocrinologie-diabétologie-nutrition,MONTPELLIER,0,4,702 - 4276
Spécialités médicales transversales,Médecine interne et immunologie clinique,MONTPELLIER,0,4,353 - 1492
Spécialités médicales transversales,Maladies infectieuses et tropicales,MONTPELLIER,0,2,504 - 769
Spécialités médicales transversales,Gériatrie,MONTPELLIER,0,9,4707 - 6956
Spécialités médicales transversales,Dermatologie et vénéréologie,MONTPELLIER,0,4,143 - 404
Spécialités médicales transversales,Allergologie,MONTPELLIER,0,1,4300
Spécialités médicales transversales,Rhumatologie,MONTPELLIER,0,4,307 - 1918
Psychiatrie - Neurologie - Médecine Physique et Réadaptation,Neurologie,MONTPELLIER,0,4,96 - 1468
Psychiatrie - Neurologie - Médecine Physique et Réadaptation,Psychiatrie,MONTPELLIER,0,14,2600 - 7438
Psychiatrie - Neurologie - Médecine Physique et Réadaptation,Médecine physique et de réadaptation,MONTPELLIER,0,6,3073 - 4499
Hématologie - Oncologie - Hépato-gastroentérologie,Hépato-gastro-entérologie,MONTPELLIER,0,4,332 - 1054
Hématologie - Oncologie - Hépato-gastroentérologie,Hématologie,MONTPELLIER,0,1,444
Hématologie - Oncologie - Hépato-gastroentérologie,Oncologie,MONTPELLIER,0,3,168 - 859
Pédiatrie,Pédiatrie,MONTPELLIER,0,11,101 - 2647
Médecine cardiovasculaire - Médecine vasculaire - Pneumologie - Néphrologie,Médecine vasculaire,MONTPELLIER,0,2,2290 - 2723
Médecine cardiovasculaire - Médecine vasculaire - Pneumologie - Néphrologie,Médecine cardiovasculaire,MONTPELLIER,0,6,3 - 980
Médecine cardiovasculaire - Médecine vasculaire - Pneumologie - Néphrologie,Néphrologie,MONTPELLIER,0,3,1665 - 2902
Médecine cardiovasculaire - Médecine vasculaire - Pneumologie - Néphrologie,Pneumologie,MONTPELLIER,0,3,1323 - 2303
Médecine générale,Médecine générale,MONTPELLIER,0,110,204 - 6582
Chirurgie 1,Neurochirurgie,CLERMONT-FERRAND,0,1,3478
Chirurgie 1,Oto-rhino-laryngologie - chirurgie cervico-faciale,CLERMONT-FERRAND,0,2,1792 - 2231
Chirurgie 1,Ophtalmologie,CLERMONT-FERRAND,0,4,228 - 1373
Chirurgie 1,"Chirurgie plastique, reconstructrice et esthétique",CLERMONT-FERRAND,0,0,
Chirurgie 1,Chirurgie maxillo-faciale,CLERMONT-FERRAND,0,1,2025
Chirurgie 1,Chirurgie orale,CLERMONT-FERRAND,0,1,3329
Chirurgie 2,Urologie,CLERMONT-FERRAND,0,1,2311
Chirurgie 2,Gynécologie obstétrique,CLERMONT-FERRAND,0,5,2344 - 3344
Chirurgie 2,Chirurgie viscérale et digestive,CLERMONT-FERRAND,0,2,2864 - 3019
Chirurgie 2,Chirurgie vasculaire,CLERMONT-FERRAND,0,1,2239
Chirurgie 2,Chirurgie thoracique et cardiovasculaire,CLERMONT-FERRAND,0,0,
Chirurgie 2,Chirurgie pédiatrique,CLERMONT-FERRAND,0,1,3160
Chirurgie 2,Chirurgie orthopédique et traumatologique,CLERMONT-FERRAND,0,3,3018 - 3170
Médecine de l'aigu,Médecine d’urgence,CLERMONT-FERRAND,0,10,2476 - 6130
Médecine de l'aigu,Médecine intensive-réanimation,CLERMONT-FERRAND,0,3,2922 - 3475
Médecine de l'aigu,Anesthésie-réanimation,CLERMONT-FERRAND,0,12,48 - 2241
Médecine d'investigation 1,Anatomie et cytologie pathologiques,CLERMONT-FERRAND,0,2,4531 - 4829
Médecine d'investigation 1,Radiologie et imagerie médicale,CLERMONT-FERRAND,0,8,257 - 3003
Médecine d'investigation 1,Médecine nucléaire,CLERMONT-FERRAND,0,1,2298
Médecine d'investigation 2,Génétique médicale,CLERMONT-FERRAND,0,1,7067
Médecine d'investigation 2,Biologie médicale,CLERMONT-FERRAND,2,0,
Santé publique - Santé au travail - Médecine légale,Médecine et santé au travail,CLERMONT-FERRAND,2,1,7424
Santé publique - Santé au travail - Médecine légale,Médecine légale et expertises médicales,CLERMONT-FERRAND,0,0,
Santé publique - Santé au travail - Médecine légale,Santé publique,CLERMONT-FERRAND,0,1,3184
Endocrinologie - Diabétologie - Nutrition - Gynécologie médicale,Gynécologie médicale,CLERMONT-FERRAND,0,2,3028 - 3185
Endocrinologie - Diabétologie - Nutrition - Gynécologie médicale,Endocrinologie-diabétologie-nutrition,CLERMONT-FERRAND,0,3,3861 - 4730
Spécialités médicales transversales,Médecine interne et immunologie clinique,CLERMONT-FERRAND,0,4,4254 - 4740
Spécialités médicales transversales,Maladies infectieuses et tropicales,CLERMONT-FERRAND,0,1,3577
Spécialités médicales transversales,Gériatrie,CLERMONT-FERRAND,2,1,5683
Spécialités médicales transversales,Dermatologie et vénéréologie,CLERMONT-FERRAND,0,3,289 - 805
Spécialités médicales transversales,Allergologie,CLERMONT-FERRAND,0,1,4515
Spécialités médicales transversales,Rhumatologie,CLERMONT-FERRAND,0,2,2461 - 3769
Psychiatrie - Neurologie - Médecine Physique et Réadaptation,Neurologie,CLERMONT-FERRAND,0,3,3058 - 3519
Psychiatrie - Neurologie - Médecine Physique et Réadaptation,Psychiatrie,CLERMONT-FERRAND,10,2,5713 - 7385
Psychiatrie - Neurologie - Médecine Physique et Réadaptation,Médecine physique et de réadaptation,CLERMONT-FERRAND,0,2,5554 - 6594
Hématologie - Oncologie - Hépato-gastroentérologie,Hépato-gastro-entérologie,CLERMONT-FERRAND,0,3,2796 - 3201
Hématologie - Oncologie - Hépato-gastroentérologie,Hématologie,CLERMONT-FERRAND,0,1,3108
Hématologie - Oncologie - Hépato-gastroentérologie,Oncologie,CLERMONT-FERRAND,0,3,1511 - 2521
Pédiatrie,Pédiatrie,CLERMONT-FERRAND,0,8,663 - 4652
Médecine cardiovasculaire - Médecine vasculaire - Pneumologie - Néphrologie,Médecine vasculaire,CLERMONT-FERRAND,0,1,3136
Médecine cardiovasculaire - Médecine vasculaire - Pneumologie - Néphrologie,Médecine cardiovasculaire,CLERMONT-FERRAND,0,6,98 - 1442
Médecine cardiovasculaire - Médecine vasculaire - Pneumologie - Néphrologie,Néphrologie,CLERMONT-FERRAND,0,2,1781 - 3804
Médecine cardiovasculaire - Médecine vasculaire - Pneumologie - Néphrologie,Pneumologie,CLERMONT-FERRAND,0,3,3484 - 3809
Médecine générale,Médecine générale,CLERMONT-FERRAND,0,67,1052 - 7218
Chirurgie 1,Neurochirurgie,AP-HM,0,1,2613
Chirurgie 1,Oto-rhino-laryngologie - chirurgie cervico-faciale,AP-HM,0,3,604 - 1121
Chirurgie 1,Ophtalmologie,AP-HM,0,6,44 - 514
Chirurgie 1,"Chirurgie plastique, reconstructrice et esthétique",AP-HM,0,1,403
Chirurgie 1,Chirurgie maxillo-faciale,AP-HM,0,1,736
Chirurgie 1,Chirurgie orale,AP-HM,0,0,
Chirurgie 2,Urologie,AP-HM,0,2,1255 - 1634
Chirurgie 2,Gynécologie obstétrique,AP-HM,0,8,106 - 952
Chirurgie 2,Chirurgie viscérale et digestive,AP-HM,0,3,1157 - 1955
Chirurgie 2,Chirurgie vasculaire,AP-HM,0,1,2363
Chirurgie 2,Chirurgie thoracique et cardiovasculaire,AP-HM,0,1,679
Chirurgie 2,Chirurgie pédiatrique,AP-HM,0,1,1447
Chirurgie 2,Chirurgie orthopédique et traumatologique,AP-HM,0,4,406 - 1388
Médecine de l'aigu,Médecine d’urgence,AP-HM,0,19,2112 - 4401
Médecine de l'aigu,Médecine intensive-réanimation,AP-HM,0,3,521 - 1403
Médecine de l'aigu,Anesthésie-réanimation,AP-HM,0,17,89 - 460
Médecine d'investigation 1,Anatomie et cytologie pathologiques,AP-HM,0,2,4088 - 4132
Médecine d'investigation 1,Radiologie et imagerie médicale,AP-HM,0,10,216 - 1495
Médecine d'investigation 1,Médecine nucléaire,AP-HM,0,2,799 - 1795
Médecine d'investigation 2,Génétique médicale,AP-HM,0,1,4908
Médecine d'investigation 2,Biologie médicale,AP-HM,0,5,6771 - 7784
Santé publique - Santé au travail - Médecine légale,Médecine et santé au travail,AP-HM,0,6,4054 - 7361
Santé publique - Santé au travail - Médecine légale,Médecine légale et expertises médicales,AP-HM,0,2,4226 - 4503
Santé publique - Santé au travail - Médecine légale,Santé publique,AP-HM,2,2,2269 - 7787
Endocrinologie - Diabétologie - Nutrition - Gynécologie médicale,Gynécologie médicale,AP-HM,0,3,1289 - 1614
Endocrinologie - Diabétologie - Nutrition - Gynécologie médicale,Endocrinologie-diabétologie-nutrition,AP-HM,0,4,930 - 2172
Spécialités médicales transversales,Médecine interne et immunologie clinique,AP-HM,0,4,935 - 1899
Spécialités médicales transversales,Maladies infectieuses et tropicales,AP-HM,0,3,55 - 610
Spécialités médicales transversales,Gériatrie,AP-HM,1,5,2626 - 7805
Spécialités médicales transversales,Dermatologie et vénéréologie,AP-HM,0,3,266 - 680
Spécialités médicales transversales,Allergologie,AP-HM,0,1,4903
Spécialités médicales transversales,Rhumatologie,AP-HM,0,3,1876 - 2883
Psychiatrie - Neurologie - Médecine Physique et Réadaptation,Neurologie,AP-HM,0,5,1072 - 2627
Psychiatrie - Neurologie - Médecine Physique et Réadaptation,Psychiatrie,AP-HM,0,21,1120 - 6899
Psychiatrie - Neurologie - Médecine Physique et Réadaptation,Médecine physique et de réadaptation,AP-HM,0,5,2726 - 5526
Hématologie - Oncologie - Hépato-gastroentérologie,Hépato-gastro-entérologie,AP-HM,0,4,686 - 1521
Hématologie - Oncologie - Hépato-gastroentérologie,Hématologie,AP-HM,0,2,631 - 1770
Hématologie - Oncologie - Hépato-gastroentérologie,Oncologie,AP-HM,0,4,535 - 2119
Pédiatrie,Pédiatrie,AP-HM,0,15,435 - 3450
Médecine cardiovasculaire - Médecine vasculaire - Pneumologie - Néphrologie,Médecine vasculaire,AP-HM,0,2,1763 - 2536
Médecine cardiovasculaire - Médecine vasculaire - Pneumologie - Néphrologie,Médecine cardiovasculaire,AP-HM,0,8,158 - 1190
Médecine cardiovasculaire - Médecine vasculaire - Pneumologie - Néphrologie,Néphrologie,AP-HM,0,4,671 - 2692
Médecine cardiovasculaire - Médecine vasculaire - Pneumologie - Néphrologie,Pneumologie,AP-HM,0,5,848 - 2193
Médecine générale,Médecine générale,AP-HM,0,158,72 - 6106
Chirurgie 1,Neurochirurgie,NICE,0,1,3349
Chirurgie 1,Oto-rhino-laryngologie - chirurgie cervico-faciale,NICE,0,1,280
Chirurgie 1,Ophtalmologie,NICE,0,2,277 - 286
Chirurgie 1,"Chirurgie plastique, reconstructrice et esthétique",NICE,0,0,
Chirurgie 1,Chirurgie maxillo-faciale,NICE,0,1,1093
Chirurgie 1,Chirurgie orale,NICE,0,0,
Chirurgie 2,Urologie,NICE,0,1,1695
Chirurgie 2,Gynécologie obstétrique,NICE,0,4,2036 - 2796
Chirurgie 2,Chirurgie viscérale et digestive,NICE,0,2,1348 - 2524
Chirurgie 2,Chirurgie vasculaire,NICE,0,1,3588
Chirurgie 2,Chirurgie thoracique et cardiovasculaire,NICE,0,0,
Chirurgie 2,Chirurgie pédiatrique,NICE,0,1,1886
Chirurgie 2,Chirurgie orthopédique et traumatologique,NICE,0,2,1662 - 1741
Médecine de l'aigu,Médecine d’urgence,NICE,0,9,3652 - 4921
Médecine de l'aigu,Médecine intensive-réanimation,NICE,0,2,2672 - 2859
Médecine de l'aigu,Anesthésie-réanimation,NICE,0,8,374 - 1308
Médecine d'investigation 1,Anatomie et cytologie pathologiques,NICE,0,1,4644
Médecine d'investigation 1,Radiologie et imagerie médicale,NICE,0,2,952 - 1263
Médecine d'investigation 1,Médecine nucléaire,NICE,0,1,518
Médecine d'investigation 2,Génétique médicale,NICE,0,0,
Médecine d'investigation 2,Biologie médicale,NICE,0,2,6136 - 6918
Santé publique - Santé au travail - Médecine légale,Médecine et santé au travail,NICE,1,1,6295
Santé publique - Santé au travail - Médecine légale,Médecine légale et expertises médicales,NICE,0,1,1211
Santé publique - Santé au travail - Médecine légale,Santé publique,NICE,1,0,
Endocrinologie - Diabétologie - Nutrition - Gynécologie médicale,Gynécologie médicale,NICE,0,1,3029
Endocrinologie - Diabétologie - Nutrition - Gynécologie médicale,Endocrinologie-diabétologie-nutrition,NICE,0,1,2614
Spécialités médicales transversales,Médecine interne et immunologie clinique,NICE,0,1,3798
Spécialités médicales transversales,Maladies infectieuses et tropicales,NICE,0,1,2669
Spécialités médicales transversales,Gériatrie,NICE,0,3,5435 - 7608
Spécialités médicales transversales,Dermatologie et vénéréologie,NICE,0,1,63
Spécialités médicales transversales,Allergologie,NICE,0,1,4657
Spécialités médicales transversales,Rhumatologie,NICE,0,1,2631
Psychiatrie - Neurologie - Médecine Physique et Réadaptation,Neurologie,NICE,0,3,538 - 3465
Psychiatrie - Neurologie - Médecine Physique et Réadaptation,Psychiatrie,NICE,0,10,3527 - 7726
Psychiatrie - Neurologie - Médecine Physique et Réadaptation,Médecine physique et de réadaptation,NICE,0,2,3827 - 4440
Hématologie - Oncologie - Hépato-gastroentérologie,Hépato-gastro-entérologie,NICE,0,2,2016 - 2324
Hématologie - Oncologie - Hépato-gastroentérologie,Hématologie,NICE,0,1,2085
Hématologie - Oncologie - Hépato-gastroentérologie,Oncologie,NICE,0,2,1126 - 1579
Pédiatrie,Pédiatrie,NICE,0,6,659 - 3284
Médecine cardiovasculaire - Médecine vasculaire - Pneumologie - Néphrologie,Médecine vasculaire,NICE,0,1,1745
Médecine cardiovasculaire - Médecine vasculaire - Pneumologie - Néphrologie,Médecine cardiovasculaire,NICE,0,2,147 - 1094
Médecine cardiovasculaire - Médecine vasculaire - Pneumologie - Néphrologie,Néphrologie,NICE,0,1,737
Médecine cardiovasculaire - Médecine vasculaire - Pneumologie - Néphrologie,Pneumologie,NICE,0,3,2044 - 2572
Médecine générale,Médecine générale,NICE,0,56,1069 - 6160
Chirurgie 1,Neurochirurgie,BORDEAUX,0,1,1250
Chirurgie 1,Oto-rhino-laryngologie - chirurgie cervico-faciale,BORDEAUX,0,3,351 - 1292
Chirurgie 1,Ophtalmologie,BORDEAUX,0,6,491 - 820
Chirurgie 1,"Chirurgie plastique, reconstructrice et esthétique",BORDEAUX,0,1,103
Chirurgie 1,Chirurgie maxillo-faciale,BORDEAUX,0,1,341
Chirurgie 1,Chirurgie orale,BORDEAUX,0,0,
Chirurgie 2,Urologie,BORDEAUX,0,2,267 - 353
Chirurgie 2,Gynécologie obstétrique,BORDEAUX,0,10,21 - 2350
Chirurgie 2,Chirurgie viscérale et digestive,BORDEAUX,0,3,1345 - 2904
Chirurgie 2,Chirurgie vasculaire,BORDEAUX,0,1,2931
Chirurgie 2,Chirurgie thoracique et cardiovasculaire,BORDEAUX,0,1,731
Chirurgie 2,Chirurgie pédiatrique,BORDEAUX,0,2,1563 - 2154
Chirurgie 2,Chirurgie orthopédique et traumatologique,BORDEAUX,0,4,709 - 1420
Médecine de l'aigu,Médecine d’urgence,BORDEAUX,0,20,1059 - 4996
Médecine de l'aigu,Médecine intensive-réanimation,BORDEAUX,0,2,886 - 2069
Médecine de l'aigu,Anesthésie-réanimation,BORDEAUX,0,17,14 - 717
Médecine d'investigation 1,Anatomie et cytologie pathologiques,BORDEAUX,0,2,248 - 3675
Médecine d'investigation 1,Radiologie et imagerie médicale,BORDEAUX,0,9,565 - 1531
Médecine d'investigation 1,Médecine nucléaire,BORDEAUX,0,1,1126
Médecine d'investigation 2,Génétique médicale,BORDEAUX,0,0,
Médecine d'investigation 2,Biologie médicale,BORDEAUX,1,3,6124 - 7560
Santé publique - Santé au travail - Médecine légale,Médecine et santé au travail,BORDEAUX,0,4,6395 - 7489
Santé publique - Santé au travail - Médecine légale,Médecine légale et expertises médicales,BORDEAUX,0,1,4825
Santé publique - Santé au travail - Médecine légale,Santé publique,BORDEAUX,6,0,
Endocrinologie - Diabétologie - Nutrition - Gynécologie médicale,Gynécologie médicale,BORDEAUX,0,4,22 - 1745
Endocrinologie - Diabétologie - Nutrition - Gynécologie médicale,Endocrinologie-diabétologie-nutrition,BORDEAUX,0,3,814 - 2296
Spécialités médicales transversales,Médecine interne et immunologie clinique,BORDEAUX,0,5,279 - 3511
Spécialités médicales transversales,Maladies infectieuses et tropicales,BORDEAUX,0,1,303
Spécialités médicales transversales,Gériatrie,BORDEAUX,0,5,791 - 7261
Spécialités médicales transversales,Dermatologie et vénéréologie,BORDEAUX,0,5,170 - 596
Spécialités médicales transversales,Allergologie,BORDEAUX,0,1,4593
Spécialités médicales transversales,Rhumatologie,BORDEAUX,0,3,457 - 1241
Psychiatrie - Neurologie - Médecine Physique et Réadaptation,Neurologie,BORDEAUX,0,6,440 - 1633
Psychiatrie - Neurologie - Médecine Physique et Réadaptation,Psychiatrie,BORDEAUX,2,20,427 - 7732
Psychiatrie - Neurologie - Médecine Physique et Réadaptation,Médecine physique et de réadaptation,BORDEAUX,0,3,3625 - 4157
Hématologie - Oncologie - Hépato-gastroentérologie,Hépato-gastro-entérologie,BORDEAUX,0,6,20 - 1547
Hématologie - Oncologie - Hépato-gastroentérologie,Hématologie,BORDEAUX,0,2,980 - 1550
Hématologie - Oncologie - Hépato-gastroentérologie,Oncologie,BORDEAUX,0,6,714 - 1518
Pédiatrie,Pédiatrie,BORDEAUX,0,12,224 - 2685
Médecine cardiovasculaire - Médecine vasculaire - Pneumologie - Néphrologie,Médecine vasculaire,BORDEAUX,0,1,2892
Médecine cardiovasculaire - Médecine vasculaire - Pneumologie - Néphrologie,Médecine cardiovasculaire,BORDEAUX,0,7,11 - 890
Médecine cardiovasculaire - Médecine vasculaire - Pneumologie - Néphrologie,Néphrologie,BORDEAUX,0,4,61 - 1020
Médecine cardiovasculaire - Médecine vasculaire - Pneumologie - Néphrologie,Pneumologie,BORDEAUX,0,4,1509 - 2611
Médecine générale,Médecine générale,BORDEAUX,0,124,690 - 6933
Chirurgie 1,Neurochirurgie,LIMOGES,0,0,
Chirurgie 1,Oto-rhino-laryngologie - chirurgie cervico-faciale,LIMOGES,0,2,2229 - 2325
Chirurgie 1,Ophtalmologie,LIMOGES,0,2,1344 - 1345
Chirurgie 1,"Chirurgie plastique, reconstructrice et esthétique",LIMOGES,0,0,
Chirurgie 1,Chirurgie maxillo-faciale,LIMOGES,0,0,
Chirurgie 1,Chirurgie orale,LIMOGES,0,0,
Chirurgie 2,Urologie,LIMOGES,0,1,3115
Chirurgie 2,Gynécologie obstétrique,LIMOGES,0,4,651 - 3403
Chirurgie 2,Chirurgie viscérale et digestive,LIMOGES,0,2,3451 - 3773
Chirurgie 2,Chirurgie vasculaire,LIMOGES,0,1,3902
Chirurgie 2,Chirurgie thoracique et cardiovasculaire,LIMOGES,0,0,
Chirurgie 2,Chirurgie pédiatrique,LIMOGES,0,0,
Chirurgie 2,Chirurgie orthopédique et traumatologique,LIMOGES,0,3,1936 - 2773
Médecine de l'aigu,Médecine d’urgence,LIMOGES,0,7,3940 - 6052
Médecine de l'aigu,Médecine intensive-réanimation,LIMOGES,0,2,2971 - 3323
Médecine de l'aigu,Anesthésie-réanimation,LIMOGES,0,8,1146 - 2551
Médecine d'investigation 1,Anatomie et cytologie pathologiques,LIMOGES,0,2,4908 - 5298
Médecine d'investigation 1,Radiologie et imagerie médicale,LIMOGES,0,4,2628 - 3250
Médecine d'investigation 1,Médecine nucléaire,LIMOGES,0,1,2401
Médecine d'investigation 2,Génétique médicale,LIMOGES,0,1,7495
Médecine d'investigation 2,Biologie médicale,LIMOGES,1,0,
Santé publique - Santé au travail - Médecine légale,Médecine et santé au travail,LIMOGES,0,0,
Santé publique - Santé au travail - Médecine légale,Médecine légale et expertises médicales,LIMOGES,0,0,
Santé publique - Santé au travail - Médecine légale,Santé publique,LIMOGES,1,0,
Endocrinologie - Diabétologie - Nutrition - Gynécologie médicale,Gynécologie médicale,LIMOGES,0,1,3477
Endocrinologie - Diabétologie - Nutrition - Gynécologie médicale,Endocrinologie-diabétologie-nutrition,LIMOGES,0,2,4076 - 4668
Spécialités médicales transversales,Médecine interne et immunologie clinique,LIMOGES,0,3,5402 - 5446
Spécialités médicales transversales,Maladies infectieuses et tropicales,LIMOGES,0,1,3190
Spécialités médicales transversales,Gériatrie,LIMOGES,2,0,
Spécialités médicales transversales,Dermatologie et vénéréologie,LIMOGES,0,2,810 - 958
Spécialités médicales transversales,Allergologie,LIMOGES,0,1,6215
Spécialités médicales transversales,Rhumatologie,LIMOGES,0,2,3427 - 3657
Psychiatrie - Neurologie - Médecine Physique et Réadaptation,Neurologie,LIMOGES,0,2,3728 - 3805
Psychiatrie - Neurologie - Médecine Physique et Réadaptation,Psychiatrie,LIMOGES,2,6,3847 - 7660
Psychiatrie - Neurologie - Médecine Physique et Réadaptation,Médecine physique et de réadaptation,LIMOGES,0,2,6605 - 6932
Hématologie - Oncologie - Hépato-gastroentérologie,Hépato-gastro-entérologie,LIMOGES,0,4,1542 - 3246
Hématologie - Oncologie - Hépato-gastroentérologie,Hématologie,LIMOGES,0,1,3694
Hématologie - Oncologie - Hépato-gastroentérologie,Oncologie,LIMOGES,0,3,2263 - 3392
Pédiatrie,Pédiatrie,LIMOGES,0,5,162 - 4184
Médecine cardiovasculaire - Médecine vasculaire - Pneumologie - Néphrologie,Médecine vasculaire,LIMOGES,0,2,3593 - 3619
Médecine cardiovasculaire - Médecine vasculaire - Pneumologie - Néphrologie,Médecine cardiovasculaire,LIMOGES,0,3,1196 - 2477
Médecine cardiovasculaire - Médecine vasculaire - Pneumologie - Néphrologie,Néphrologie,LIMOGES,0,2,3879 - 4098
Médecine cardiovasculaire - Médecine vasculaire - Pneumologie - Néphrologie,Pneumologie,LIMOGES,0,2,3506 - 3702
Médecine générale,Médecine générale,LIMOGES,17,33,2374 - 7766
Chirurgie 1,Neurochirurgie,TOULOUSE,0,1,1655
Chirurgie 1,Oto-rhino-laryngologie - chirurgie cervico-faciale,TOULOUSE,0,3,214 - 1267
Chirurgie 1,Ophtalmologie,TOULOUSE,0,5,139 - 723
Chirurgie 1,"Chirurgie plastique, reconstructrice et esthétique",TOULOUSE,0,1,8
Chirurgie 1,Chirurgie maxillo-faciale,TOULOUSE,0,1,74
Chirurgie 1,Chirurgie orale,TOULOUSE,0,1,2854
Chirurgie 2,Urologie,TOULOUSE,0,2,10 - 364
Chirurgie 2,Gynécologie obstétrique,TOULOUSE,0,6,767 - 1485
Chirurgie 2,Chirurgie viscérale et digestive,TOULOUSE,0,2,1820 - 2825
Chirurgie 2,Chirurgie vasculaire,TOULOUSE,0,1,3011
Chirurgie 2,Chirurgie thoracique et cardiovasculaire,TOULOUSE,0,1,2203
Chirurgie 2,Chirurgie pédiatrique,TOULOUSE,0,1,3189
Chirurgie 2,Chirurgie orthopédique et traumatologique,TOULOUSE,0,3,165 - 460
Médecine de l'aigu,Médecine d’urgence,TOULOUSE,0,19,494 - 4707
Médecine de l'aigu,Médecine intensive-réanimation,TOULOUSE,0,3,1591 - 2371
Médecine de l'aigu,Anesthésie-réanimation,TOULOUSE,0,19,221 - 1260
Médecine d'investigation 1,Anatomie et cytologie pathologiques,TOULOUSE,0,2,3385 - 4578
Médecine d'investigation 1,Radiologie et imagerie médicale,TOULOUSE,0,8,31 - 1947
Médecine d'investigation 1,Médecine nucléaire,TOULOUSE,0,1,534
Médecine d'investigation 2,Génétique médicale,TOULOUSE,0,1,5158
Médecine d'investigation 2,Biologie médicale,TOULOUSE,1,2,7335 - 7372
Santé publique - Santé au travail - Médecine légale,Médecine et santé au travail,TOULOUSE,2,3,6423 - 7817
Santé publique - Santé au travail - Médecine légale,Médecine légale et expertises médicales,TOULOUSE,0,1,3867
Santé publique - Santé au travail - Médecine légale,Santé publique,TOULOUSE,2,0,
Endocrinologie - Diabétologie - Nutrition - Gynécologie médicale,Gynécologie médicale,TOULOUSE,0,4,907 - 1704
Endocrinologie - Diabétologie - Nutrition - Gynécologie médicale,Endocrinologie-diabétologie-nutrition,TOULOUSE,0,3,2315 - 3514
Spécialités médicales transversales,Médecine interne et immunologie clinique,TOULOUSE,0,4,383 - 1435
Spécialités médicales transversales,Maladies infectieuses et tropicales,TOULOUSE,0,2,93 - 97
Spécialités médicales transversales,Gériatrie,TOULOUSE,0,7,1816 - 6074
Spécialités médicales transversales,Dermatologie et vénéréologie,TOULOUSE,0,3,559 - 623
Spécialités médicales transversales,Allergologie,TOULOUSE,0,1,2872
Spécialités médicales transversales,Rhumatologie,TOULOUSE,0,3,729 - 2092
Psychiatrie - Neurologie - Médecine Physique et Réadaptation,Neurologie,TOULOUSE,0,5,316 - 2238
Psychiatrie - Neurologie - Médecine Physique et Réadaptation,Psychiatrie,TOULOUSE,0,21,2098 - 7700
Psychiatrie - Neurologie - Médecine Physique et Réadaptation,Médecine physique et de réadaptation,TOULOUSE,0,3,1123 - 4669
Hématologie - Oncologie - Hépato-gastroentérologie,Hépato-gastro-entérologie,TOULOUSE,0,4,1117 - 1848
Hématologie - Oncologie - Hépato-gastroentérologie,Hématologie,TOULOUSE,0,1,1638
Hématologie - Oncologie - Hépato-gastroentérologie,Oncologie,TOULOUSE,0,4,1651 - 2280
Pédiatrie,Pédiatrie,TOULOUSE,0,12,63 - 4115
Médecine cardiovasculaire - Médecine vasculaire - Pneumologie - Néphrologie,Médecine vasculaire,TOULOUSE,0,2,2054 - 2922
Médecine cardiovasculaire - Médecine vasculaire - Pneumologie - Néphrologie,Médecine cardiovasculaire,TOULOUSE,0,7,65 - 970
Médecine cardiovasculaire - Médecine vasculaire - Pneumologie - Néphrologie,Néphrologie,TOULOUSE,0,3,336 - 1994
Médecine cardiovasculaire - Médecine vasculaire - Pneumologie - Néphrologie,Pneumologie,TOULOUSE,0,3,299 - 1567
Médecine générale,Médecine générale,TOULOUSE,0,120,1011 - 7463
Chirurgie 1,Neurochirurgie,MARTINIQUE / GUADELOUPE,0,1,3687
Chirurgie 1,Oto-rhino-laryngologie - chirurgie cervico-faciale,MARTINIQUE / GUADELOUPE,0,3,2153 - 2486
Chirurgie 1,Ophtalmologie,MARTINIQUE / GUADELOUPE,0,2,601 - 1160
Chirurgie 1,"Chirurgie plastique, reconstructrice et esthétique",MARTINIQUE / GUADELOUPE,0,0,
Chirurgie 1,Chirurgie maxillo-faciale,MARTINIQUE / GUADELOUPE,0,0,
Chirurgie 1,Chirurgie orale,MARTINIQUE / GUADELOUPE,0,0,
Chirurgie 2,Urologie,MARTINIQUE / GUADELOUPE,0,2,1047 - 3043
Chirurgie 2,Gynécologie obstétrique,MARTINIQUE / GUADELOUPE,0,3,1988 - 3422
Chirurgie 2,Chirurgie viscérale et digestive,MARTINIQUE / GUADELOUPE,0,2,3586 - 3626
Chirurgie 2,Chirurgie vasculaire,MARTINIQUE / GUADELOUPE,0,0,
Chirurgie 2,Chirurgie thoracique et cardiovasculaire,MARTINIQUE / GUADELOUPE,0,0,
Chirurgie 2,Chirurgie pédiatrique,MARTINIQUE / GUADELOUPE,0,1,3826
Chirurgie 2,Chirurgie orthopédique et traumatologique,MARTINIQUE / GUADELOUPE,0,2,2343 - 2621
Médecine de l'aigu,Médecine d’urgence,MARTINIQUE / GUADELOUPE,0,5,3272 - 5891
Médecine de l'aigu,Médecine intensive-réanimation,MARTINIQUE / GUADELOUPE,0,2,2786 - 2855
Médecine de l'aigu,Anesthésie-réanimation,MARTINIQUE / GUADELOUPE,0,5,1410 - 2421
Médecine d'investigation 1,Anatomie et cytologie pathologiques,MARTINIQUE / GUADELOUPE,0,1,5561
Médecine d'investigation 1,Radiologie et imagerie médicale,MARTINIQUE / GUADELOUPE,0,1,2537
Médecine d'investigation 1,Médecine nucléaire,MARTINIQUE / GUADELOUPE,0,1,2591
Médecine d'investigation 2,Génétique médicale,MARTINIQUE / GUADELOUPE,1,0,
Médecine d'investigation 2,Biologie médicale,MARTINIQUE / GUADELOUPE,2,0,
Santé publique - Santé au travail - Médecine légale,Médecine et santé au travail,MARTINIQUE / GUADELOUPE,1,1,7774
Santé publique - Santé au travail - Médecine légale,Médecine légale et expertises médicales,MARTINIQUE / GUADELOUPE,0,1,7444
Santé publique - Santé au travail - Médecine légale,Santé publique,MARTINIQUE / GUADELOUPE,1,1,7098
Endocrinologie - Diabétologie - Nutrition - Gynécologie médicale,Gynécologie médicale,MARTINIQUE / GUADELOUPE,0,1,3546
Endocrinologie - Diabétologie - Nutrition - Gynécologie médicale,Endocrinologie-diabétologie-nutrition,MARTINIQUE / GUADELOUPE,0,1,5180
Spécialités médicales transversales,Médecine interne et immunologie clinique,MARTINIQUE / GUADELOUPE,0,2,5347 - 5654
Spécialités médicales transversales,Maladies infectieuses et tropicales,MARTINIQUE / GUADELOUPE,0,3,4341 - 5244
Spécialités médicales transversales,Gériatrie,MARTINIQUE / GUADELOUPE,0,3,6467 - 7667
Spécialités médicales transversales,Dermatologie et vénéréologie,MARTINIQUE / GUADELOUPE,0,1,902
Spécialités médicales transversales,Allergologie,MARTINIQUE / GUADELOUPE,0,0,
Spécialités médicales transversales,Rhumatologie,MARTINIQUE / GUADELOUPE,0,3,1232 - 4109
Psychiatrie - Neurologie - Médecine Physique et Réadaptation,Neurologie,MARTINIQUE / GUADELOUPE,0,2,2755 - 4083
Psychiatrie - Neurologie - Médecine Physique et Réadaptation,Psychiatrie,MARTINIQUE / GUADELOUPE,3,4,4245 - 7314
Psychiatrie - Neurologie - Médecine Physique et Réadaptation,Médecine physique et de réadaptation,MARTINIQUE / GUADELOUPE,0,2,5722 - 6299
Hématologie - Oncologie - Hépato-gastroentérologie,Hépato-gastro-entérologie,MARTINIQUE / GUADELOUPE,0,2,3268 - 3343
Hématologie - Oncologie - Hépato-gastroentérologie,Hématologie,MARTINIQUE / GUADELOUPE,0,1,4245
Hématologie - Oncologie - Hépato-gastroentérologie,Oncologie,MARTINIQUE / GUADELOUPE,0,2,2914 - 3352
Pédiatrie,Pédiatrie,MARTINIQUE / GUADELOUPE,0,6,1563 - 5177
Médecine cardiovasculaire - Médecine vasculaire - Pneumologie - Néphrologie,Médecine vasculaire,MARTINIQUE / GUADELOUPE,0,1,3661
Médecine cardiovasculaire - Médecine vasculaire - Pneumologie - Néphrologie,Médecine cardiovasculaire,MARTINIQUE / GUADELOUPE,0,3,1830 - 2207
Médecine cardiovasculaire - Médecine vasculaire - Pneumologie - Néphrologie,Néphrologie,MARTINIQUE / GUADELOUPE,0,2,3940 - 3952
Médecine cardiovasculaire - Médecine vasculaire - Pneumologie - Néphrologie,Pneumologie,MARTINIQUE / GUADELOUPE,0,1,3743
Médecine générale,Médecine générale,MARTINIQUE / GUADELOUPE,0,52,1589 - 7442
Chirurgie 1,Neurochirurgie,LA REUNION,0,0,
Chirurgie 1,Oto-rhino-laryngologie - chirurgie cervico-faciale,LA REUNION,0,1,1557
Chirurgie 1,Ophtalmologie,LA REUNION,0,0,
Chirurgie 1,"Chirurgie plastique, reconstructrice et esthétique",LA REUNION,0,0,
Chirurgie 1,Chirurgie maxillo-faciale,LA REUNION,0,0,
Chirurgie 1,Chirurgie orale,LA REUNION,0,0,
Chirurgie 2,Urologie,LA REUNION,0,0,
Chirurgie 2,Gynécologie obstétrique,LA REUNION,0,5,1709 - 2872
Chirurgie 2,Chirurgie viscérale et digestive,LA REUNION,0,2,3099 - 3161
Chirurgie 2,Chirurgie vasculaire,LA REUNION,0,0,
Chirurgie 2,Chirurgie thoracique et cardiovasculaire,LA REUNION,0,0,
Chirurgie 2,Chirurgie pédiatrique,LA REUNION,0,0,
Chirurgie 2,Chirurgie orthopédique et traumatologique,LA REUNION,0,2,2560 - 2580
Médecine de l'aigu,Médecine d’urgence,LA REUNION,0,8,2116 - 5106
Médecine de l'aigu,Médecine intensive-réanimation,LA REUNION,0,1,2372
Médecine de l'aigu,Anesthésie-réanimation,LA REUNION,0,5,189 - 1250
Médecine d'investigation 1,Anatomie et cytologie pathologiques,LA REUNION,0,0,
Médecine d'investigation 1,Radiologie et imagerie médicale,LA REUNION,0,3,1330 - 2473
Médecine d'investigation 1,Médecine nucléaire,LA REUNION,0,0,
Médecine d'investigation 2,Génétique médicale,LA REUNION,1,0,
Médecine d'investigation 2,Biologie médicale,LA REUNION,0,1,6836
Santé publique - Santé au travail - Médecine légale,Médecine et santé au travail,LA REUNION,0,0,
Santé publique - Santé au travail - Médecine légale,Médecine légale et expertises médicales,LA REUNION,0,0,
Santé publique - Santé au travail - Médecine légale,Santé publique,LA REUNION,1,0,
Endocrinologie - Diabétologie - Nutrition - Gynécologie médicale,Gynécologie médicale,LA REUNION,0,2,3495 - 3506
Endocrinologie - Diabétologie - Nutrition - Gynécologie médicale,Endocrinologie-diabétologie-nutrition,LA REUNION,0,2,5135 - 5167
Spécialités médicales transversales,Médecine interne et immunologie clinique,LA REUNION,0,1,4726
Spécialités médicales transversales,Maladies infectieuses et tropicales,LA REUNION,0,1,2247
Spécialités médicales transversales,Gériatrie,LA REUNION,0,1,5952
Spécialités médicales transversales,Dermatologie et vénéréologie,LA REUNION,0,2,532 - 1067
Spécialités médicales transversales,Allergologie,LA REUNION,0,0,
Spécialités médicales transversales,Rhumatologie,LA REUNION,0,1,3360
Psychiatrie - Neurologie - Médecine Physique et Réadaptation,Neurologie,LA REUNION,0,2,2535 - 3118
Psychiatrie - Neurologie - Médecine Physique et Réadaptation,Psychiatrie,LA REUNION,1,4,6402 - 7587
Psychiatrie - Neurologie - Médecine Physique et Réadaptation,Médecine physique et de réadaptation,LA REUNION,0,1,3999
Hématologie - Oncologie - Hépato-gastroentérologie,Hépato-gastro-entérologie,LA REUNION,0,2,1750 - 2866
Hématologie - Oncologie - Hépato-gastroentérologie,Hématologie,LA REUNION,0,1,3799
Hématologie - Oncologie - Hépato-gastroentérologie,Oncologie,LA REUNION,0,2,1992 - 2168
Pédiatrie,Pédiatrie,LA REUNION,0,5,1484 - 3608
Médecine cardiovasculaire - Médecine vasculaire - Pneumologie - Néphrologie,Médecine vasculaire,LA REUNION,0,0,
Médecine cardiovasculaire - Médecine vasculaire - Pneumologie - Néphrologie,Médecine cardiovasculaire,LA REUNION,0,2,904 - 1586
Médecine cardiovasculaire - Médecine vasculaire - Pneumologie - Néphrologie,Néphrologie,LA REUNION,0,2,1156 - 1253
Médecine cardiovasculaire - Médecine vasculaire - Pneumologie - Néphrologie,Pneumologie,LA REUNION,0,2,1647 - 2882
Médecine générale,Médecine générale,LA REUNION,0,61,1451 - 6719
